https://feeds.soundcloud.com/users/soundcloud:users:328978573/sounds.rss	en	8602.0
https://anchor.fm/s/7e4f8d90/podcast/rss	en	6018.0
https://anchor.fm/s/f229304/podcast/rss	en	18412.0
https://feeds.soundcloud.com/users/soundcloud:users:194738904/sounds.rss	en	4835.0
https://anchor.fm/s/22a85404/podcast/rss	en	7468.0
https://anchor.fm/s/1dd9e758/podcast/rss	en	36587.0
https://feeds.soundcloud.com/users/soundcloud:users:254749335/sounds.rss	en	10358.0
https://insiderinterviews.blubrry.net/feed/podcast/	en-US	102773.0
https://anchor.fm/s/6813a5d4/podcast/rss	en	42527.0
https://feeds.soundcloud.com/users/soundcloud:users:661245915/sounds.rss	en	3723.0
https://anchor.fm/s/1f0a00f4/podcast/rss	en	16198.0
https://anchor.fm/s/25a84df8/podcast/rss	en	482547.0
https://blart.libsyn.com/rss	en	44201.0
https://ca-ns-1.bulkstorage.ca/v1/AUTH_0d09c87549084f4ba4ad4a9e807d0d76/6062/feeds/71W3O.xml?temp_url_sig=1d19fe9e50d64e3ef71eb35533b8355f583195ff&temp_url_expires=1822632883&inline	en	781629.0
https://anchor.fm/s/343822f8/podcast/rss	en-gb	62403.0
https://feed.podbean.com/princekaifanpod/feed.xml	en	798727.0
https://anchor.fm/s/36687a3c/podcast/rss	en	17043.0
https://anchor.fm/s/2c5932c/podcast/rss	en	12094.0
https://feeds.libsyn.com/388970/rss	en	32087.0
https://anchor.fm/s/39636a58/podcast/rss	en	380585.0
https://anchor.fm/s/d96a6790/podcast/rss	en	27590.0
https://anchor.fm/s/263fb558/podcast/rss	en	17605.0
https://anchor.fm/s/1e71b63c/podcast/rss	en	8639.0
https://feeds.simplecast.com/8tDY9_i7	en	64946.0
https://anchor.fm/s/717acea4/podcast/rss	en	19250.0
https://anchor.fm/s/b71e00c/podcast/rss	en	45966.0
https://anchor.fm/s/69e5d6c/podcast/rss	en	22695.0
https://feeds.simplecast.com/e2E3KUPJ	en	54488.0
https://anchor.fm/s/2fd31f74/podcast/rss	en	14361.0
https://anchor.fm/s/ca1c168/podcast/rss	en	72300.0
https://anchor.fm/s/b35b71e8/podcast/rss	en	72435.0
https://feeds.theincomparable.com/best	en-us	191748.0
https://feeds.soundcloud.com/users/soundcloud:users:160489451/sounds.rss	en	9645.0
https://anchor.fm/s/470ca23c/podcast/rss	en	13937.0
https://bsderesistance.libsyn.com/rss	en-us	241693.0
https://feed.podbean.com/andymeddick/feed.xml	en	29094.0
https://anchor.fm/s/7ffb0fc/podcast/rss	en	35603.0
https://anchor.fm/s/959636c/podcast/rss	en	36220.0
https://anchor.fm/s/803d5ec/podcast/rss	en-us	16957.0
https://feeds.captivate.fm/top-traders-unplugged/	en	1122395.0
https://anchor.fm/s/7e87cad4/podcast/rss	en	23640.0
https://feed.podbean.com/vrverdict/feed.xml	en	485773.0
https://feeds.soundcloud.com/users/soundcloud:users:571846980/sounds.rss	en	9373.0
https://anchor.fm/s/35ed4d6c/podcast/rss	en	428870.0
https://soulmammas.libsyn.com/rss	en	296934.0
https://feeds.soundcloud.com/users/soundcloud:users:599730255/sounds.rss	en	164596.0
https://anchor.fm/s/acd99ebc/podcast/rss	en	21702.0
https://rss.acast.com/roxie	en	210703.0
https://anchor.fm/s/a61d012c/podcast/rss	en	68192.0
https://anchor.fm/s/79714e8/podcast/rss	en	11776.0
https://anchor.fm/s/4b1c0c14/podcast/rss	en	11947.0
https://anchor.fm/s/133d4a9c/podcast/rss	en	3997.0
https://feeds.soundcloud.com/users/soundcloud:users:103789862/sounds.rss	en	8395.0
https://anchor.fm/s/1a04b2ac/podcast/rss	en	37678.0
https://feed.podbean.com/jeremiahbolich/feed.xml	en	374590.0
https://anchor.fm/s/978de16c/podcast/rss	en-us	19349.0
https://api.itorah.com/api/Podcast/gemara	en-us	239948.0
https://anchor.fm/s/2e2aebc/podcast/rss	en	121943.0
https://anchor.fm/s/1d2f05a4/podcast/rss	en	34154.0
https://anchor.fm/s/64ddf25c/podcast/rss	en	5344.0
https://anchor.fm/s/136ac724/podcast/rss	en	51429.0
https://feeds.blubrry.com/feeds/that_said_michael_zeldin.xml	en-us	234994.0
https://anchor.fm/s/824886e0/podcast/rss	en-us	312708.0
https://anchor.fm/s/2949cdec/podcast/rss	en	5951.0
https://anchor.fm/s/2ce33b78/podcast/rss	en	213437.0
https://feeds.libsyn.com/62138/rss	en-us	716642.0
https://applehosted.podcasts.apple.com/eaas/us/filmmaker/nik_game_shakers/nik_game_shakers.xml	en-us	4478.0
https://anchor.fm/s/20aa2c68/podcast/rss	en	302566.0
https://feeds.feedburner.com/iTunesPodcastTTMusic	en	70853.0
https://anchor.fm/s/daadb4cc/podcast/rss	en-us	25957.0
https://anchor.fm/s/1dc1c72c/podcast/rss	en	27107.0
https://biblebaptistfairfield.squarespace.com/sermonpodcast?format=rss	en-US	245842.0
https://feeds.simplecast.com/CKqPntk2	en	14864.0
https://anchor.fm/s/4d26e164/podcast/rss	en	58912.0
https://anchor.fm/s/6c71c034/podcast/rss	en	95090.0
https://feed.podbean.com/thedocloungepodcast/feed.xml	en	125136.0
https://anchor.fm/s/3355c8e0/podcast/rss	en	11991.0
https://anchor.fm/s/4fd12dc0/podcast/rss	en	10979.0
https://anchor.fm/s/fa01af4/podcast/rss	en-us	132219.0
https://isntlifecurious.blubrry.net/feed/podcast/	en-US	51081.0
https://feeds.soundcloud.com/users/soundcloud:users:607747284/sounds.rss	en	9004.0
https://feeds.soundcloud.com/users/soundcloud:users:396310893/sounds.rss	en	4529.0
https://anchor.fm/s/3113aebc/podcast/rss	en	6259.0
https://anchor.fm/s/300e6930/podcast/rss	en-us	54789.0
https://anchor.fm/s/80681714/podcast/rss	en-us	28151.0
https://feed.podbean.com/sipsofstorynsanity/feed.xml	en	159152.0
https://feeds.acast.com/public/shows/61a7bc4c981ee80013e20d42	en	968980.0
https://feeds.feedburner.com/TheLostLibrary	en-us	240469.0
http://www.loyalbooks.com/book/the-watsons-by-jane-austen/feed	en-us	6081.0
https://feed.podbean.com/wordinseasonmg/feed.xml	en	30340.0
https://feeds.simplecast.com/SE2IDMVR	en-us	32877.0
https://feeds.simplecast.com/W18D1weM	en	77443.0
https://anchor.fm/s/2edbb400/podcast/rss	en	206270.0
https://feeds.simplecast.com/ifgXuqVs	en	16976.0
https://anchor.fm/s/1ccbfbbc/podcast/rss	en	13623.0
https://feeds.soundcloud.com/users/soundcloud:users:599272587/sounds.rss	en	5647.0
https://anchor.fm/s/4d90ff68/podcast/rss	en	66920.0
https://feeds.soundcloud.com/users/soundcloud:users:549683316/sounds.rss	en	58386.0
https://dirtnerds.libsyn.com/rss	en	572020.0
https://anchor.fm/s/5aa47d9c/podcast/rss	en	74329.0
https://confessionsfromgraincart.libsyn.com/rss	en	16798.0
https://anchor.fm/s/4611544/podcast/rss	en-us	60295.0
https://anchor.fm/s/27494680/podcast/rss	en	7552.0
https://anchor.fm/s/32d2ffa0/podcast/rss	en	10768.0
https://anchor.fm/s/106dbe50/podcast/rss	en	23253.0
https://anchor.fm/s/5a30fd4/podcast/rss	en-us	11469.0
https://byebyecelluloid.libsyn.com/rss	en	20862.0
https://loudvoices.libsyn.com/rss	en	6400.0
https://anchor.fm/s/4a42154/podcast/rss	en-us	25408.0
https://feeds.soundcloud.com/users/soundcloud:users:457805406/sounds.rss	en	281655.0
http://downloads.bbc.co.uk/podcasts/radio4/fr/rss.xml	en-gb	568247.0
https://anchor.fm/s/60d99f30/podcast/rss	en	7840.0
https://anchor.fm/s/aa5d6f10/podcast/rss	en	12648.0
https://anchor.fm/s/60354b9c/podcast/rss	en	238402.0
http://firstbaptistchurchofmanchester.cloversites.com/podcast/aae21dc5-0126-4abb-bfaa-b1b68df20bc2.xml	en	655584.0
https://feeds.simplecast.com/FCDyBJAN	en-us	390347.0
https://feeds.soundcloud.com/users/soundcloud:users:291779065/sounds.rss	en	152914.0
https://anchor.fm/s/3595ebe4/podcast/rss	en	30837.0
https://anchor.fm/s/4307d65c/podcast/rss	en	25436.0
https://anchor.fm/s/71c28d70/podcast/rss	en	84178.0
https://anchor.fm/s/37b4c8f0/podcast/rss	en	171468.0
https://anchor.fm/s/dd1ba0e8/podcast/rss	en-us	8084.0
https://semiprodfs.libsyn.com/rss	en	875961.0
https://anchor.fm/s/b2080acc/podcast/rss	en-us	76549.0
http://lostlogos.blubrry.com/feed/podcast/	en-US	52619.0
https://feed.podbean.com/fyp/feed.xml	en	19389.0
https://feed.podbean.com/onechurchhb/feed.xml	en	77691.0
https://anchor.fm/s/ac06cd34/podcast/rss	en-us	3783.0
https://feeds.podcastmirror.com/tmntminute	en-US	473513.0
https://pathtocontentment.libsyn.com/RSS	en-us	17528.0
https://anchor.fm/s/1efaf118/podcast/rss	en	3822.0
https://anchor.fm/s/69ce0a90/podcast/rss	en	163246.0
https://feeds.soundcloud.com/users/soundcloud:users:231224889/sounds.rss	en	678795.0
https://feeds.soundcloud.com/users/soundcloud:users:250562368/sounds.rss	en	1388479.0
https://anchor.fm/s/47d6e0d8/podcast/rss	en	22098.0
https://qurancentral.com/audio/jazza-alswaileh/feed/	en-US	96873.0
https://feeds.simplecast.com/L9hWueg9	en-us	615437.0
https://anchor.fm/s/3983d52c/podcast/rss	en	24295.0
https://feeds.fireside.fm/st-dymphnas-playbook/rss	en	148925.0
https://backtracks.fm/feed/7cece90bdc4c36c3	en	375068.0
https://anchor.fm/s/dbd9d72c/podcast/rss	en-us	3888.0
https://anchor.fm/s/a701ee4/podcast/rss	en	25841.0
https://anchor.fm/s/e127038/podcast/rss	en	96771.0
https://anchor.fm/s/557438e4/podcast/rss	en	71525.0
http://feeds2.feedburner.com/DirtyVegassPodcast	en-us	3657.0
https://feeds.soundcloud.com/users/soundcloud:users:599724237/sounds.rss	en	10110.0
https://feeds.feedburner.com/doctrine-and-covenants-mp3-jpn	en-us	47245.0
https://dailystartreknews.libsyn.com/rss	en	427712.0
https://how-to-stop-people-pleasing.libsyn.com/rss	en	6281.0
https://copythatpops.libsyn.com/rss	en	398650.0
https://anchor.fm/s/42d085d0/podcast/rss	en	4336.0
https://anchor.fm/s/816c2358/podcast/rss	en	248026.0
https://anchor.fm/s/2db15f58/podcast/rss	en	16585.0
https://feeds.acast.com/public/shows/d025f49e-e78a-4de5-9877-1cd36bdd620a	en	139993.0
https://anchor.fm/s/308ed750/podcast/rss	en	42731.0
https://anchor.fm/s/9d5a3a0/podcast/rss	en	161995.0
https://cooltalkpodcast.libsyn.com/rss	en	69899.0
https://socialpros.libsyn.com/rss	en	1343386.0
https://anchor.fm/s/91b57ae8/podcast/rss	en	8908.0
https://thecmethod.com/series/standoutgetnoticed/feed/	en-US	267063.0
https://anchor.fm/s/256e5fe4/podcast/rss	en	68311.0
https://anchor.fm/s/69465aa0/podcast/rss	en	50282.0
https://tele-friends.libsyn.com/rss	en	257554.0
https://angelashelton.libsyn.com/rss	en-us	91364.0
https://feeds.soundcloud.com/users/soundcloud:users:355456223/sounds.rss	en	5429.0
https://anchor.fm/s/bac5a5c/podcast/rss	en-us	89980.0
https://feeds.soundcloud.com/users/soundcloud:users:166427750/sounds.rss	en	9527.0
https://feed.podbean.com/stevenawlyons/feed.xml	en	110241.0
https://anchor.fm/s/95e136c/podcast/rss	en	100000.0
https://anchor.fm/s/c431258/podcast/rss	en	11061.0
https://anchor.fm/s/45a19b14/podcast/rss	en	5792.0
https://anchor.fm/s/4575a658/podcast/rss	en	139623.0
https://anchor.fm/s/6b2eeecc/podcast/rss	en-us	48647.0
https://feeds.soundcloud.com/users/soundcloud:users:749891623/sounds.rss	en	7948.0
https://feed.podbean.com/cdromp/feed.xml	en	72296.0
https://applehosted.podcasts.apple.com/eaas/us/special_event/descendants2/descendants2.xml	en-us	3898.0
https://anchor.fm/s/462deb0/podcast/rss	en	199013.0
https://anchor.fm/s/d3f9488/podcast/rss	en	85456.0
https://feeds.blubrry.com/feeds/readysethorror.xml	en	160577.0
https://feeds.castos.com/3n6p	en-us	217965.0
https://feeds.soundcloud.com/users/soundcloud:users:411253608/sounds.rss	en	1109287.0
https://anchor.fm/s/2beecf34/podcast/rss	en	209295.0
https://anchor.fm/s/558dd45c/podcast/rss	en-za	7399.0
http://resources.fadavis.com/hopp/Podcontent/rss.xml	en-US	7333.0
https://anchor.fm/s/4763bd74/podcast/rss	en	21609.0
https://feeds.soundcloud.com/users/soundcloud:users:13794236/sounds.rss	en	6238.0
https://feeds.soundcloud.com/users/soundcloud:users:372524117/sounds.rss	en	127724.0
https://feed.podbean.com/rideknievels/feed.xml	en	12291.0
https://anchor.fm/s/2ac59944/podcast/rss	en	31387.0
https://feeds.soundcloud.com/users/soundcloud:users:300645655/sounds.rss	en	32560.0
https://anchor.fm/s/3bd0b200/podcast/rss	en	119608.0
https://feed.podbean.com/officialbehindthemaskpod/feed.xml	en	17711.0
https://onevoicecanchangetheworld.libsyn.com/rss	en	131027.0
https://anchor.fm/s/c87367c/podcast/rss	en-gb	101439.0
https://anchor.fm/s/3048ca8/podcast/rss	en-us	20406.0
https://anchor.fm/s/df65934/podcast/rss	en	6020.0
https://feeds.soundcloud.com/users/soundcloud:users:726246160/sounds.rss	en	140580.0
https://anchor.fm/s/28423ed4/podcast/rss	en	62800.0
https://anchor.fm/s/b127b58/podcast/rss	en	42651.0
https://anchor.fm/s/3d6c9818/podcast/rss	en	5572.0
https://feeds2.feedburner.com/DirtyWordsDesignVideocastEpisodes	en-US	4822.0
https://feeds.soundcloud.com/users/soundcloud:users:359879615/sounds.rss	en	5417.0
https://theapprofessor.libsyn.com/rss	en	389031.0
https://feeds.soundcloud.com/users/soundcloud:users:99439691/sounds.rss	en	665948.0
https://anchor.fm/s/d9dd764/podcast/rss	en	478753.0
https://anchor.fm/s/1fcffe80/podcast/rss	en	39526.0
http://runhelper.s3.amazonaws.com/Media/Audio/podcasts/5k/ease-into-5k-podcast.rss	en-us	49633.0
https://anchor.fm/s/a531f74/podcast/rss	en	3649.0
https://feeds.soundcloud.com/users/soundcloud:users:51159755/sounds.rss	en	180349.0
https://feed.podbean.com/hitrewind/feed.xml	en-us	2052283.0
https://magazine.nursing.jhu.edu/feed/podcast/	en-US	5370.0
https://anchor.fm/s/7a125e24/podcast/rss	en	197223.0
https://anchor.fm/s/3ea91274/podcast/rss	en	58165.0
https://anchor.fm/s/eda9e50/podcast/rss	en	5231.0
https://feed.podbean.com/weddingsanddjs/feed.xml	en	36574.0
https://anchor.fm/s/41d83ed4/podcast/rss	en	23393.0
https://feeds.soundcloud.com/users/soundcloud:users:332474768/sounds.rss	en	9797.0
http://languagetreks.com/podcasts/feed2.php	en-us	32406.0
https://halloffame3000.libsyn.com/rss	en	173554.0
https://anchor.fm/s/14de35dc/podcast/rss	en	30060.0
https://stephaniegailing.com/so-divine-podcast?format=rss	en-US	152273.0
https://anchor.fm/s/208f9ccc/podcast/rss	en	217288.0
https://anchor.fm/s/e86028c/podcast/rss	en	117651.0
https://feeds.acast.com/public/shows/5a91c59ce330c15916472f08	en	680422.0
https://feeds.acast.com/public/shows/5ab3d397627e02027cf86151	en	113144.0
https://anchor.fm/s/e1dc50/podcast/rss	en-us	3822.0
https://naval.libsyn.com/rss	en	70792.0
https://anchor.fm/s/31e57708/podcast/rss	en	8984.0
https://anchor.fm/s/79224a60/podcast/rss	en	59328.0
https://feeds.captivate.fm/the-high-way-with-kyle-shutt/	en	165588.0
https://anchor.fm/s/820e85a8/podcast/rss	en	6167.0
https://reversetherelapse.libsyn.com/rss	en	77656.0
https://anchor.fm/s/fbbef90/podcast/rss	en	265841.0
https://anchor.fm/s/8cabaf04/podcast/rss	en	27451.0
https://anchor.fm/s/f5c9b44/podcast/rss	en	6389.0
https://anchor.fm/s/4b6651c0/podcast/rss	en	144595.0
https://kidslistenactivitypodcast.libsyn.com/rss	en	122642.0
https://feed.podbean.com/blessedmessmom/feed.xml	en	22081.0
http://www.loyalbooks.com/book/eight-strokes-of-the-clock-by-leblanc/feed	en-us	23180.0
https://anchor.fm/s/598d384/podcast/rss	en	9566.0
https://feeds.simplecast.com/BmRSXtqt	en-us	135560.0
https://anchor.fm/s/3c721f64/podcast/rss	en	37415.0
https://singlehandedsailing.libsyn.com/rss	en	428126.0
https://feed.podbean.com/waxmuseum/feed.xml	en	522518.0
https://feeds.soundcloud.com/users/soundcloud:users:166588099/sounds.rss	en	7431.0
https://hearthis.at/f49bkdhz/podcast.xml	en-EN	20266.0
https://hoperescuepodcast.libsyn.com/rss	en	168050.0
https://anchor.fm/s/46db3c88/podcast/rss	en	94148.0
https://feeds.soundcloud.com/users/soundcloud:users:932795137/sounds.rss	en	50552.0
https://anchor.fm/s/7b9c1f50/podcast/rss	en	5495.0
https://anchor.fm/s/38313674/podcast/rss	en	148123.0
https://nyculturepodcast.libsyn.com/rss	en	130459.0
https://anchor.fm/s/55afc634/podcast/rss	en	11642.0
https://anchor.fm/s/46c786d4/podcast/rss	en	7278.0
https://recoveryandrestoration.libsyn.com/rss	en	32072.0
https://feeds.captivate.fm/beyond-the-mic/	en	347465.0
https://anchor.fm/s/1a690f40/podcast/rss	en	63552.0
https://feeds.feedburner.com/LetsDrinkAboutIt	en	438081.0
https://anchor.fm/s/39beec84/podcast/rss	en	3877.0
https://anchor.fm/s/55dfa2f0/podcast/rss	en	55939.0
https://hearthis.at/clubnight-classic-dj-sets/podcast/?limit=500	en-EN	188699.0
https://anchor.fm/s/42bc3a8/podcast/rss	en	18424.0
https://feed.podbean.com/PoweredByHer/feed.xml	en	175853.0
https://feed.podbean.com/info85y/feed.xml	en	17068.0
https://anchor.fm/s/2a7d4d10/podcast/rss	en	30768.0
https://1000-words-podcast.libsyn.com/rss	en	205505.0
https://theocdstories.libsyn.com/rss	en	1159244.0
https://feeds.soundcloud.com/users/soundcloud:users:194447882/sounds.rss	en	10515.0
http://rss.castbox.fm/everest/871f4d7d672b4b13a3cb3e5f9754894d.xml	en-us	252223.0
https://anchor.fm/s/4f85e0cc/podcast/rss	en	9537.0
https://www.werenotwizards.com/feed.xml	en	1716869.0
https://anchor.fm/s/3c167c68/podcast/rss	en	64165.0
https://anchor.fm/s/59ffa8bc/podcast/rss	en	49171.0
https://anchor.fm/s/fac2df8/podcast/rss	en	80076.0
https://anchor.fm/s/a2fc1280/podcast/rss	en-us	65136.0
https://anchor.fm/s/1dc3d29c/podcast/rss	en	4110.0
https://medicmindsetpodcast.libsyn.com/rss	en	173314.0
https://anchor.fm/s/853dca4/podcast/rss	en	112768.0
https://feeds.feedburner.com/ItsAPurlMan	en-US	129587.0
https://anchor.fm/s/611f6420/podcast/rss	en	33903.0
https://anchor.fm/s/a430918/podcast/rss	en	23650.0
https://feeds.feedburner.com/TuneUpPodcast_enhanced	en-gb	27773.0
https://feeds.soundcloud.com/users/soundcloud:users:804758437/sounds.rss	en	7603.0
https://feed.podbean.com/anuuradio/feed.xml	en	195695.0
https://feeds.soundcloud.com/users/soundcloud:users:126097933/sounds.rss	en	192600.0
https://anchor.fm/s/55f8d6e4/podcast/rss	en	18142.0
https://anchor.fm/s/24d60fb4/podcast/rss	en	5879.0
https://feeds.soundcloud.com/users/soundcloud:users:234058458/sounds.rss	en	10449.0
https://anchor.fm/s/216cdab0/podcast/rss	en	78023.0
https://feeds.soundcloud.com/users/soundcloud:users:782535415/sounds.rss	en	5912.0
https://anchor.fm/s/53308fec/podcast/rss	en	162632.0
https://feed.podbean.com/keithschweitzer/feed.xml	en	135494.0
https://anchor.fm/s/26c60234/podcast/rss	en	85643.0
https://feeds.soundcloud.com/users/soundcloud:users:861066976/sounds.rss	en	747646.0
https://www.lostmap.com/podcast?format=rss	en-GB	132130.0
https://anchor.fm/s/6137a51c/podcast/rss	en	3755.0
https://feed.podbean.com/stopmeifiveheardthis/feed.xml	en	217724.0
https://feeds.soundcloud.com/users/soundcloud:users:740877130/sounds.rss	en	28743.0
https://anchor.fm/s/35dcc9b0/podcast/rss	en	25680.0
https://www.lovelifedrawing.com/feed/podcast/	en-US	37005.0
https://anchor.fm/s/60370950/podcast/rss	en	6393.0
https://feeds.soundcloud.com/users/soundcloud:users:318665329/sounds.rss	en	118624.0
https://www.rnz.co.nz/acast/temanukorihi.rss	en	6590.0
https://anchor.fm/s/358e4358/podcast/rss	en	5022.0
https://feeds.simplecast.com/1GqOQk93	en	101625.0
https://anchor.fm/s/32c34128/podcast/rss	en	75238.0
https://anchor.fm/s/af209c70/podcast/rss	en-us	24114.0
https://anchor.fm/s/f5ec7e8/podcast/rss	en-us	116159.0
https://anchor.fm/s/13c714d4/podcast/rss	en	29340.0
https://soulcollective.libsyn.com/rss	en	475745.0
https://anchor.fm/s/653c598c/podcast/rss	en	7207.0
https://feeds.twit.tv/twit_video_hd.xml	en-US	92989.0
https://anchor.fm/s/1ff08510/podcast/rss	en	9587.0
https://anchor.fm/s/727cc6e0/podcast/rss	en-us	782507.0
https://rss.art19.com/daphne	en	16925.0
https://feeds.blubrry.com/feeds/chesadaphal.xml	en-us	69496.0
https://anchor.fm/s/fbea3c/podcast/rss	en-us	4250.0
https://anchor.fm/s/78a8868/podcast/rss	en	950618.0
https://feed.podbean.com/paradisecab/feed.xml	en	9671.0
https://feeds.simplecast.com/k2geITG_	en	717152.0
https://finehomebuilding-podcast.libsyn.com/rss	en	1795006.0
https://mediaindigena.libsyn.com/rss	en	968938.0
https://feeds.feedburner.com/MagicMilkshakeMachine	en-us	125066.0
https://gamersinnpodcast.com/feed/shipwrecks/	en-CA	32726.0
https://juanvlopez.libsyn.com/rss	en-US	24185.0
https://anchor.fm/s/38e6f7c/podcast/rss	en	15208.0
https://anchor.fm/s/4c2f8bd0/podcast/rss	en	27545.0
https://anchor.fm/s/129a3cd0/podcast/rss	en	111622.0
https://anchor.fm/s/20046940/podcast/rss	en	22701.0
https://feeds.soundcloud.com/users/soundcloud:users:92916001/sounds.rss	en	130601.0
https://seodotco.libsyn.com/rss	en-us	390007.0
https://feeds.soundcloud.com/users/soundcloud:users:694568522/sounds.rss	en	10098.0
https://feeds.soundcloud.com/users/soundcloud:users:575955543/sounds.rss	en	10401.0
https://feed.podbean.com/roadtunesreviews/feed.xml	en	109041.0
https://feed.podbean.com/messytruthspodcast/feed.xml	en	211627.0
https://feed.podbean.com/seriousrapshit/feed.xml	en	335897.0
https://feeds.soundcloud.com/users/soundcloud:users:227347418/sounds.rss	en	238468.0
https://anchor.fm/s/23d2d5fc/podcast/rss	en	68553.0
https://anchor.fm/s/15467df4/podcast/rss	en	142378.0
https://pressureradio.com/rssmesh/pressure-feeds.php	en-us	7213.0
https://hearthis.at/margiela/podcast.xml	en-EN	45354.0
https://onemorepagepodcast.libsyn.com/rss	en	260513.0
https://anchor.fm/s/49e28404/podcast/rss	en	32678.0
https://feeds.soundcloud.com/users/soundcloud:users:57834313/sounds.rss	en	8703.0
https://anchor.fm/s/73384a0/podcast/rss	en	55486.0
https://feeds.soundcloud.com/users/soundcloud:users:395821233/sounds.rss	en	10030.0
https://anchor.fm/s/2ee1a3ec/podcast/rss	en	206006.0
https://anchor.fm/s/12c02d50/podcast/rss	en	17761.0
https://anchor.fm/s/a14359e4/podcast/rss	en-us	176104.0
https://anchor.fm/s/8e78ab20/podcast/rss	en-us	10240.0
https://anchor.fm/s/55304918/podcast/rss	en	22406.0
https://feed.podbean.com/TADBelligerent/feed.xml	en	597097.0
https://feeds.soundcloud.com/users/soundcloud:users:862893406/sounds.rss	en	9902.0
https://rss.acast.com/coming-in-from-the-cold	en	19213.0
https://frankenstein.libsyn.com/rss	en	27050.0
https://anchor.fm/s/22f03e2c/podcast/rss	en	61174.0
http://media-podcast.open.ac.uk/feeds/enduring-01/desktop-all/rss2.xml	en	4195.0
https://dentalhacks.libsyn.com/rss	en	2896841.0
https://feeds.soundcloud.com/users/soundcloud:users:803643889/sounds.rss	en	144416.0
https://feeds.acast.com/public/shows/62879ea3287e1800126dd87c	en	23108.0
https://anchor.fm/s/1e961784/podcast/rss	en	5184.0
https://feed.podbean.com/thepalehorsepodcast/feed.xml	en	78299.0
https://feeds.acast.com/public/shows/62af473d4c915a0013b75b7c	en	10285.0
https://fitnessfranchisepodcast.libsyn.com/rss	en	320710.0
https://anchor.fm/s/fc64b84/podcast/rss	en	29262.0
https://feeds.acast.com/public/shows/6316841906a8a10013757760	en	9278.0
https://anchor.fm/s/22cd75e0/podcast/rss	en	4645.0
https://anchor.fm/s/e8e35c4/podcast/rss	en	6148.0
https://feeds.acast.com/public/shows/5f58a8290a98de1fcb871ec4	en	22354.0
https://liarcity.libsyn.com/rss	en	163797.0
https://pinecast.com/feed/hel-or-high-water	en-US	62275.0
https://thelemonadestand.libsyn.com/rss	en	14205.0
http://ricecommunitychurch.cloversites.com/podcast/84e46475-b962-4b4f-acf4-5a7e36706def.xml	en	199665.0
https://anchor.fm/s/14cdba54/podcast/rss	en	50915.0
https://applehosted.podcasts.apple.com/eaas/us/filmmaker/naomi_ely_no_kiss_list/naomi_ely_no_kiss_list.xml	en-us	4244.0
http://maximum-attack.com/podcastgen/feed.xml	en	207879.0
https://anchor.fm/s/3bc52174/podcast/rss	en	421019.0
https://anchor.fm/s/dac94f98/podcast/rss	en	47910.0
https://anchor.fm/s/74c10da8/podcast/rss	en	31721.0
https://anchor.fm/s/b5cdfe0/podcast/rss	en	5723.0
https://anchor.fm/s/13db3658/podcast/rss	en	20243.0
https://feeds.feedburner.com/GetReadyToRock	en-gb	118592.0
https://anchor.fm/s/13318428/podcast/rss	en	9904.0
https://anchor.fm/s/27c02c0/podcast/rss	en	491783.0
https://www.oneplace.com/ministries/god-centered-life/subscribe/podcast.xml	en-us	21000.0
https://anchor.fm/s/bf4215c/podcast/rss	en	47661.0
https://anchor.fm/s/4db323a4/podcast/rss	en	239093.0
https://anchor.fm/s/422d6d78/podcast/rss	en	19685.0
https://anchor.fm/s/323ac744/podcast/rss	en	3719.0
https://anchor.fm/s/25758e2c/podcast/rss	en	84650.0
https://anchor.fm/s/3d22bc48/podcast/rss	en-us	9044.0
https://feed.podbean.com/theworshipinitiativedailydevo/feed.xml	en	40765.0
https://anchor.fm/s/c40a1bc/podcast/rss	en	130099.0
https://feeds.soundcloud.com/users/soundcloud:users:329280343/sounds.rss	en	9770.0
http://feeds.feedburner.com/HarryRansomCenterPodcast/	en-us	8461.0
https://anchor.fm/s/3eb3cee4/podcast/rss	en	123813.0
https://albertmohler.com/category/the-briefing/feed?utm_medium=referral&utm_source=itunes&utm_campaign=the_briefing	en	76937.0
https://anchor.fm/s/b17e9620/podcast/rss	en	23848.0
https://anchor.fm/s/3c8bbc6c/podcast/rss	en	38794.0
https://www.universitypkwy.org/podcast/2	en	10691.0
https://feeds.soundcloud.com/users/soundcloud:users:1058380768/sounds.rss	en	15580.0
https://feed.podbean.com/endlesssummerspod/feed.xml	en	48381.0
https://anchor.fm/s/bd2b38c/podcast/rss	en	30056.0
https://anchor.fm/s/7f83d900/podcast/rss	en-us	48836.0
https://anchor.fm/s/588c5fe8/podcast/rss	en	33733.0
https://feeds.feedburner.com/book-of-mormon-mp3-jpn	en-us	94978.0
https://feeds.soundcloud.com/users/soundcloud:users:310404463/sounds.rss	en	7702.0
https://feeds.acast.com/public/shows/63065fd9ad5a2600141927ad	en	1047016.0
https://extremegenes.libsyn.com/rss	en	1437874.0
https://feed.podbean.com/bakestakespodcast/feed.xml	en-us	134833.0
https://petergshow.libsyn.com/rss	en	362314.0
https://anchor.fm/s/2e561944/podcast/rss	en	55984.0
https://anchor.fm/s/6e5ab478/podcast/rss	en-au	59134.0
https://anchor.fm/s/1474f4f0/podcast/rss	en	85130.0
http://churchonthestreet2.cloversites.com/podcast/b3b52d9e-f878-49c8-acba-be2fdc79ec38.xml	en	1579050.0
https://beautyandthevlog.libsyn.com/rss	en	1122883.0
https://anchor.fm/s/1583de10/podcast/rss	en	10929.0
https://anchor.fm/s/8d507d4/podcast/rss	en-us	29865.0
https://anchor.fm/s/124c6dac/podcast/rss	en	13494.0
https://anchor.fm/s/3a833a6c/podcast/rss	en	11683.0
https://anchor.fm/s/3b2f287c/podcast/rss	en	57725.0
https://anchor.fm/s/d969c0c4/podcast/rss	en	38296.0
https://rickaltizershow.libsyn.com/rss	en	245584.0
https://feeds.soundcloud.com/users/soundcloud:users:443222598/sounds.rss	en	9507.0
https://feeds.libsyn.com/456450/rss	en	6049.0
http://askhelen.jellycast.com/podcast/feed/13	en-PI	7785.0
https://autastic.libsyn.com/rss	en	177876.0
https://anchor.fm/s/71047ec0/podcast/rss	en	100013.0
https://anchor.fm/s/c94dd04/podcast/rss	en	11878.0
https://anchor.fm/s/530370c/podcast/rss	en-gb	8177.0
https://www.sermonaudio.com/rss_search.asp?speakeronly=true&keyword=John+Bunyan	en-us	11760.0
https://feed.pod.co/mike-guinn-ent	en	5676.0
https://anchor.fm/s/cf0f6430/podcast/rss	en-us	39905.0
https://anchor.fm/s/3b6c8258/podcast/rss	en	40156.0
https://anchor.fm/s/4a8d7f1c/podcast/rss	en	28364.0
https://feeds.feedburner.com/MakeEveryRepCount	en	82049.0
https://makingconversationscount.libsyn.com/rss	en	248407.0
https://feeds.soundcloud.com/users/soundcloud:users:321666469/sounds.rss	en	146734.0
https://anchor.fm/s/39044e4c/podcast/rss	en	1196771.0
https://feeds.soundcloud.com/users/soundcloud:users:149627566/sounds.rss	en	228918.0
https://anchor.fm/s/115831d8/podcast/rss	en	9783.0
http://sharkliveroil.jellycast.com/podcast/feed/108	en-PI	259510.0
https://anchor.fm/s/ce4f870/podcast/rss	en	34177.0
https://anchor.fm/s/201aa5d4/podcast/rss	en	49673.0
https://feeds.soundcloud.com/users/soundcloud:users:305989126/sounds.rss	en	131921.0
https://feeds.simplecast.com/3iTQADiB	en	27605.0
https://anchor.fm/s/5363ff80/podcast/rss	en	12036.0
https://nowplayingpodcast.com/NPPSpidey.xml	en	58918.0
https://www.tiasspeakers.com/feed.xml	en	185184.0
https://feeds.libsyn.com/399995/rss	en	72251.0
https://anchor.fm/s/3eeb1d7c/podcast/rss	en	16426.0
https://theorderofdeath.libsyn.com/rss	en	8632.0
https://feed.podbean.com/emmagoswell/feed.xml	en	32302.0
https://anchor.fm/s/5c3a75bc/podcast/rss	en-us	115315.0
https://anchor.fm/s/3ecfea34/podcast/rss	en	6994.0
https://podup.libsyn.com/rss	en	314022.0
https://www.2600.com/oth.xml	en	33835.0
https://thedrtommyjohnpodcast.libsyn.com/rss	en-us	186953.0
https://cinema.usc.edu/podcasts/rss/podcastnetwork.xml	en-us	38335.0
https://anchor.fm/s/85aec74/podcast/rss	en-us	7252.0
https://feed.podbean.com/swordofnerdom/feed.xml	en	2952604.0
https://www.docbrowndj.com/podcast/unlearn.xml	en-us	518664.0
https://partyroll.libsyn.com/rss	en	871189.0
https://anchor.fm/s/b0ad718/podcast/rss	en	73076.0
https://hearthis.at/kb/podcast/	en-EN	994370.0
https://anchor.fm/s/da58aa18/podcast/rss	en	14623.0
https://feeds.libsyn.com/402653/rss	en	135655.0
https://drcorinneweaver.libsyn.com/rss	en	45696.0
https://anchor.fm/s/4828deb0/podcast/rss	en	149800.0
https://feeds.soundcloud.com/users/soundcloud:users:637844481/sounds.rss	en	7958.0
https://feeds.captivate.fm/a-leg-up-the-magic-of-horsecraft-and-life/	en	24226.0
https://buffalo-wedge-j2rw.squarespace.com/episodes?format=rss	en	492906.0
https://feed.podbean.com/fpcnorfolk/feed.xml	en	164514.0
https://feeds.feedblitz.com/heropowerhs	en	142478.0
https://feeds.soundcloud.com/users/soundcloud:users:283520409/sounds.rss	en	10041.0
https://feeds.feedburner.com/AncientFaithDocumentaries	en-us	39347.0
https://anchor.fm/s/1a1310cc/podcast/rss	en	7228.0
https://anchor.fm/s/8714c1d4/podcast/rss	en	10355.0
https://anchor.fm/s/c533020/podcast/rss	en	6372.0
https://feeds.feedburner.com/TheJournalOfTraumaAndAcuteCareSurgery-TraumaLoupesPodcast	en-us	68179.0
https://alltownusa.squarespace.com/new-blog?format=rss	en-US	26210.0
https://feeds.soundcloud.com/users/soundcloud:users:225652258/sounds.rss	en	9372.0
https://feed.podbean.com/daysgonepod/feed.xml	en	149073.0
http://feeds.feedburner.com/rockhardcaucus	en	634056.0
https://anchor.fm/s/7146c78/podcast/rss	en	6179.0
https://anchor.fm/s/567494a0/podcast/rss	en	7934.0
https://feed.podbean.com/Unlikelyhousewivesofjoco/feed.xml	en	112355.0
https://fast.wistia.com/channels/9koci0lh0i/rss	en	144022.0
https://philclassics.libsyn.com/rss	en	17648.0
https://anchor.fm/s/adaeb84/podcast/rss	en	49891.0
https://anchor.fm/s/fd89a3c/podcast/rss	en	5629.0
https://anchor.fm/s/3805c110/podcast/rss	en	3687.0
https://anchor.fm/s/38bf6ac/podcast/rss	en-US	10982.0
https://anchor.fm/s/b8dfa94/podcast/rss	en	25157.0
https://feed.pod.space/ichoosemewithmissebeqiri	en	6501.0
https://anchor.fm/s/a2092d4/podcast/rss	en-us	13831.0
https://post.futurimedia.com/kbfl/playlist/rss/6.xml	en-us	788575.0
https://anchor.fm/s/2fb23fd4/podcast/rss	en	878856.0
https://anchor.fm/s/13ded038/podcast/rss	en	30569.0
https://feeds.captivate.fm/mafpodcast/	en	553654.0
http://loosebrucekerr.libsyn.org/rss	en	30989.0
https://anchor.fm/s/a1b0d410/podcast/rss	en-gb	76201.0
https://feeds.simplecast.com/13zl6e4a	en	366997.0
https://feeds.soundcloud.com/users/soundcloud:users:302649566/sounds.rss	en	7380.0
https://anchor.fm/s/de57c04/podcast/rss	en	288164.0
http://popculturepod.jellycast.com/podcast/feed/156	en-PI	103329.0
https://feeds.libsyn.com/428097/rss	en	50559.0
https://feeds.simplecast.com/VcUodJz0	en	62219.0
https://feeds.soundcloud.com/users/soundcloud:users:887294344/sounds.rss	en	282038.0
https://anchor.fm/s/1912ddb0/podcast/rss	en	81845.0
https://crowdfundingpitchshow.libsyn.com/rss	en	60127.0
https://anchor.fm/s/2ef0c5c/podcast/rss	en	4639.0
https://anchor.fm/s/3275f80/podcast/rss	en	19326.0
https://anchor.fm/s/2425a9e4/podcast/rss	en	5674.0
https://anchor.fm/s/57b7334/podcast/rss	en	12965.0
https://feeds.soundcloud.com/users/soundcloud:users:289014247/sounds.rss	en	4735.0
https://feed.podbean.com/ramsrewind/feed.xml	en	176672.0
https://feeds.captivate.fm/iq-podcast/	en	32948.0
https://feeds.soundcloud.com/users/soundcloud:users:303759106/sounds.rss	en	8210.0
https://anchor.fm/s/429ddb80/podcast/rss	en	79560.0
https://anchor.fm/s/a0b50a4/podcast/rss	en	7085.0
https://anchor.fm/s/afa2b20/podcast/rss	en	15634.0
https://anchor.fm/s/b2ad3344/podcast/rss	en-gb	273415.0
https://feeds.simplecast.com/8TqP2WCw	en	58926.0
https://anchor.fm/s/5e218ab4/podcast/rss	en	69274.0
https://anchor.fm/s/3117f030/podcast/rss	en	86705.0
https://feeds.soundcloud.com/users/soundcloud:users:439642518/sounds.rss	en	464152.0
https://podcast.opensap.info/industry-insights/feed/mp3/	en-US	118726.0
https://diaryofadoer.libsyn.com/rss	en	119691.0
https://anchor.fm/s/4855c8bc/podcast/rss	en	12691.0
https://thehousewifehustle.libsyn.com/rss	en	37065.0
https://womenrockingwallstreet.libsyn.com/rss	en	211778.0
https://rss.art19.com/st-johns-red-storm	en	67226.0
https://anchor.fm/s/4e14861c/podcast/rss	en	14542.0
https://anchor.fm/s/296edca4/podcast/rss	en	434947.0
https://ketoliving.libsyn.com/rss	en	47851.0
https://anchor.fm/s/7b457178/podcast/rss	en	21929.0
https://anchor.fm/s/4c047a6c/podcast/rss	en	8188.0
https://feed.podbean.com/DuoQueueNews/feed.xml	en	37910.0
https://feed.podbean.com/theboogiedownwbinkygriptite/feed.xml	en	53767.0
https://www.propainternetwork.com/blog/category/podcasts/pro-painter-podcast/feed/podcast	en-US	538047.0
https://anchor.fm/s/f689354/podcast/rss	en	2697048.0
https://anchor.fm/s/14accf60/podcast/rss	en	70044.0
https://anchor.fm/s/1de816fc/podcast/rss	en	85323.0
https://anchor.fm/s/b7be610/podcast/rss	en	456476.0
https://shemeansbusinesshh.libsyn.com/rss	en	166350.0
https://feeds.soundcloud.com/users/soundcloud:users:932407825/sounds.rss	en	5380.0
https://gpb-rss.streamguys1.com/gpb/shots-in-the-back-itunes.xml	en-us	20386.0
https://feeds.soundcloud.com/users/soundcloud:users:404757819/sounds.rss	en	9439.0
https://anchor.fm/s/4b6a1828/podcast/rss	en	6204.0
https://anchor.fm/s/2370828/podcast/rss	en	22702.0
http://www.frazerruddick.com/youredeadtome/podcast.xml	en-us	316014.0
https://feeds.blubrry.com/feeds/mentalhealthcomedyhour.xml	en-us	255838.0
https://anchor.fm/s/60a3ec50/podcast/rss	en	9445.0
https://anchor.fm/s/725638f4/podcast/rss	en	108405.0
https://feeds.captivate.fm/user-friendly-the-pod/	en	422537.0
https://anchor.fm/s/cf8f8c/podcast/rss	en-us	15763.0
https://pinecast.com/feed/are-weeb-there-yet	en-US	857765.0
https://anchor.fm/s/9eb7e8c/podcast/rss	en	69573.0
https://anchor.fm/s/8693a2c/podcast/rss	en-us	17615.0
https://feeds.soundcloud.com/users/soundcloud:users:243214656/sounds.rss	en	10803.0
https://anchor.fm/s/4fdcc68/podcast/rss	en	79758.0
https://anchor.fm/s/234e974c/podcast/rss	en	24983.0
https://anchor.fm/s/8516cd0/podcast/rss	en	233744.0
https://feeds.castos.com/2rgn	en	246492.0
https://feeds.captivate.fm/juicy-dietz/	en	80248.0
https://anchor.fm/s/153175f8/podcast/rss	en	20295.0
https://anchor.fm/s/1d6c894c/podcast/rss	en	11915.0
https://anchor.fm/s/3e9f7bc4/podcast/rss	en	5054.0
http://www.ejunto.org/feeds/treatise.xml	en-us	18632.0
https://feeds.soundcloud.com/users/soundcloud:users:300275028/sounds.rss	en	9296.0
https://post.futurimedia.com/wdel/playlist/rss/37.xml	en-us	49915.0
https://anchor.fm/s/5664748/podcast/rss	en	327837.0
https://rss.art19.com/the-handmaids-tale	en	11124.0
https://feeds.soundcloud.com/users/soundcloud:users:430243410/sounds.rss	en	7284.0
https://anchor.fm/s/6623b9f8/podcast/rss	en	11520.0
https://anchor.fm/s/27a10a14/podcast/rss	en	3960.0
https://anchor.fm/s/5f4af880/podcast/rss	en	358887.0
https://feed.podbean.com/drawingroomexperts/feed.xml	en-us	374269.0
https://anchor.fm/s/28e74d84/podcast/rss	en	58996.0
https://pinecast.com/feed/fresh-pressed	en-US	201235.0
https://anchor.fm/s/306cf194/podcast/rss	en	311971.0
https://anchor.fm/s/7f29e800/podcast/rss	en	224269.0
https://feeds.soundcloud.com/users/soundcloud:users:152663555/sounds.rss	en	10205.0
https://capitalismhitshome.libsyn.com/rss	en	172144.0
https://feeds.soundcloud.com/users/soundcloud:users:337295612/sounds.rss	en	10378.0
https://anchor.fm/s/59928ac/podcast/rss	en	23502.0
https://anchor.fm/s/208abe50/podcast/rss	en	278730.0
https://anchor.fm/s/4fa01690/podcast/rss	en	9189.0
https://feeds.soundcloud.com/users/soundcloud:users:482783439/sounds.rss	en	388215.0
https://hyptalk.libsyn.com/rss	en	309081.0
https://anchor.fm/s/9f84be4/podcast/rss	en	6163.0
https://feeds.castos.com/r4rmo	en	4831.0
https://anchor.fm/s/5bfc8324/podcast/rss	en	16030.0
https://feed.podbean.com/panelsonpanels/feed.xml	en-us	55224.0
https://feeds.soundcloud.com/users/soundcloud:users:579642465/sounds.rss	en	7673.0
https://feeds.soundcloud.com/users/soundcloud:users:263625743/sounds.rss	en	8597.0
https://anchor.fm/s/11e74d64/podcast/rss	en	44253.0
https://feed.podbean.com/financiallyfit/feed.xml	en	56053.0
https://anchor.fm/s/48d5463c/podcast/rss	en	11001.0
https://governanceperspectives.libsyn.com/rss	en	64952.0
https://inzanemichigan.libsyn.com/rss	en	82762.0
https://post.futurimedia.com/kfxn/playlist/rss/6.xml	en-us	6424969.0
https://anchor.fm/s/eef9198/podcast/rss	en	10848.0
https://feeds.simplecast.com/A5eUH78j	en	13862.0
https://anchor.fm/s/a444710/podcast/rss	en	222584.0
https://rss.acast.com/theeconomistmoneytalks	en	541367.0
https://anchor.fm/s/1a16451c/podcast/rss	en	4763.0
https://anchor.fm/s/2c438204/podcast/rss	en	9036.0
https://feeds.captivate.fm/theeditingpodcast/	en	137175.0
https://anchor.fm/s/5c7fcedc/podcast/rss	en	73784.0
https://anchor.fm/s/5f7d71fc/podcast/rss	en	10310.0
https://millennihellpod.libsyn.com/rss	en	208861.0
https://sweetbyteswithsandra.libsyn.com/rss	en	146946.0
https://anchor.fm/s/848c23bc/podcast/rss	en	6551.0
https://feeds.soundcloud.com/users/soundcloud:users:287118346/sounds.rss	en	10699.0
https://anchor.fm/s/2554d2e0/podcast/rss	en	7252.0
https://anchor.fm/s/e0ac16c/podcast/rss	en	14645.0
https://anchor.fm/s/40266408/podcast/rss	en	536515.0
https://anchor.fm/s/8e938b34/podcast/rss	en-us	262058.0
https://podcast.calvaryhanford.com/category/nehemiah/feed	en	28178.0
https://anchor.fm/s/1d467be4/podcast/rss	en-us	4795.0
https://feed.podbean.com/robertcmary/feed.xml	en	30061.0
https://feeds.soundcloud.com/users/soundcloud:users:585931209/sounds.rss	en	107267.0
https://anchor.fm/s/4be7d344/podcast/rss	en	30236.0
https://www.andyseth.com/feed/podcast/	en-US	62269.0
https://feed.podbean.com/getmorehrclients/feed.xml	en	312332.0
https://feeds.simplecast.com/U93zjuSN	en-us	1450257.0
https://anchor.fm/s/2bd3d1d4/podcast/rss	en	26367.0
https://anchor.fm/s/6715c66c/podcast/rss	en	11674.0
https://anchor.fm/s/23a1a7c/podcast/rss	en-us	26936.0
https://ngssnavigators.libsyn.com/rss	en	190626.0
https://feeds.feedburner.com/StandForPeaceMlkMiddleEastPeaceForum	en	12201.0
https://twoinboxes.libsyn.com/rss	en	26478.0
https://womenonamissionwithsuerevell.libsyn.com/rss	en	193432.0
https://anchor.fm/s/859b2c8/podcast/rss	en-us	34680.0
https://anchor.fm/s/243d37f8/podcast/rss	en	5899.0
http://www.loyalbooks.com/book/through-the-looking-glass-by-lewis-carroll/feed	en-us	11368.0
https://anchor.fm/s/3f4fd76c/podcast/rss	en	19141.0
https://feeds.simplecast.com/_rBxHkip	en	27454.0
https://www.podcasts.com/rss_feed/adb57549c86901b31e7b696095fa23f9	en-GB	41691.0
http://portal-api.thisisdistorted.com/xml/chicane-presents-sun-sets	en-US	1545746.0
https://anchor.fm/s/2fb00264/podcast/rss	en	21262.0
https://anchor.fm/s/ed8ad70/podcast/rss	en	105417.0
https://feeds.soundcloud.com/users/soundcloud:users:423133752/sounds.rss	en	36861.0
https://feeds.simplecast.com/hNvOziQj	en-us	168006.0
https://anchor.fm/s/85bf2af4/podcast/rss	en	72105.0
https://anchor.fm/s/7b621328/podcast/rss	en-au	18370.0
https://anchor.fm/s/1a6a7894/podcast/rss	en	19176.0
https://anchor.fm/s/4f56b7c/podcast/rss	en	29510.0
https://anchor.fm/s/23fbcac/podcast/rss	en-us	8575.0
https://feed.podbean.com/uncomfortableconversations/feed.xml	en	397369.0
https://skinnyfitalicious.libsyn.com/rss	en	161863.0
https://anchor.fm/s/7f4547d0/podcast/rss	en	10986.0
https://anchor.fm/s/2f5aa60c/podcast/rss	en	126093.0
https://anchor.fm/s/310a29a0/podcast/rss	en	87280.0
https://anchor.fm/s/125b473c/podcast/rss	en	74903.0
https://anchor.fm/s/2e5eaa3c/podcast/rss	en	26063.0
https://anchor.fm/s/5f1a7a0c/podcast/rss	en	170273.0
https://anchor.fm/s/1e073370/podcast/rss	en	892144.0
https://anchor.fm/s/20fa984c/podcast/rss	en	420675.0
https://anchor.fm/s/148c2864/podcast/rss	en	5454.0
https://92ytalks.libsyn.com/rss	en	1110384.0
https://feed.podbean.com/ogar/feed.xml	en	18786.0
https://haveyouseenmenow.libsyn.com/rss	en	25412.0
https://feeds.captivate.fm/the-black-codes/	en	103759.0
https://feeds.acast.com/public/shows/5eecabbad75ca518676032a2	en	4590.0
https://themasterkeymentor.com/category/teleseminar/feed/podcast/	en-US	36080.0
https://anchor.fm/s/23741fe4/podcast/rss	en	31963.0
https://anchor.fm/s/a039044/podcast/rss	en	4789.0
https://anchor.fm/s/5de8f078/podcast/rss	en	3667.0
http://tvcrimes.net/feed/	en-US	49632.0
https://anchor.fm/s/c1bc180/podcast/rss	en	20292.0
https://podpoint.com/feed/7810	en-us	21568.0
https://wordwithoutwalls.libsyn.com/rss	en	93617.0
https://notoldbetter.libsyn.com/rss	en	940101.0
https://anchor.fm/s/2ee2353c/podcast/rss	en	55487.0
https://anchor.fm/s/494ab5e8/podcast/rss	en	107058.0
https://anchor.fm/s/7f38304/podcast/rss	en	44028.0
https://feeds.simplecast.com/_bgwETJu	en	281926.0
https://feeds.accessmedia.nz/V2/itunes/0e4be6a6-322f-4050-95d8-26a2ed5a237f	en-nz	59333.0
https://feeds.soundcloud.com/users/soundcloud:users:19707150/sounds.rss	en	286279.0
https://apurposedrivenmom.libsyn.com/rss	en	170284.0
https://anchor.fm/s/459c6644/podcast/rss	en	18925.0
https://anchor.fm/s/4a6579cc/podcast/rss	en	29675.0
https://theyogapodcast.libsyn.com/rss	en	53725.0
https://anchor.fm/s/80317b00/podcast/rss	en	999287.0
https://waitholdup.podbean.com/feed.xml	en	248370.0
https://feed.podbean.com/mmhradio/feed.xml	en	724099.0
https://anchor.fm/s/218ae8d4/podcast/rss	en	74176.0
https://feed.podbean.com/behindthetunes/feed.xml	en	76625.0
https://anchor.fm/s/bf488e0/podcast/rss	en	317297.0
https://feeds.acast.com/public/shows/63692098e71f4a00118eced7	en	516840.0
https://feeds.soundcloud.com/users/soundcloud:users:684099851/sounds.rss	en	68403.0
https://feed.podbean.com/fbccarson/feed.xml	en	131806.0
https://www.edusc.org/makeequipsend.xml	en-us	29654.0
https://anchor.fm/s/1a0964a0/podcast/rss	en	32572.0
https://soccercast.libsyn.com/rss	en	260996.0
https://feeds.captivate.fm/thelawentrepreneur/	en	914183.0
https://feeds.fireside.fm/nhie/rss	en-us	49246.0
https://anchor.fm/s/be1f6f8/podcast/rss	en	15113.0
https://inesfome.libsyn.com/rss	en	25670.0
https://anchor.fm/s/3879fbc/podcast/rss	en	6269.0
https://anchor.fm/s/2147a100/podcast/rss	en	7210.0
https://feeds.feedburner.com/Self-careWithDrsSarah	en-us	66550.0
http://rss.castbox.fm/everest/9c26b686f776455ca5f94e44861d6d3e.xml	en	121798.0
https://applehosted.podcasts.apple.com/eaas/uk/developer/fifa_16_ultimate_team/fifa2016.xml	en-us	4463.0
https://anchor.fm/s/317d628/podcast/rss	en	415709.0
https://anchor.fm/s/cf2400c/podcast/rss	en	11557.0
https://anchor.fm/s/c0dd958/podcast/rss	en	126510.0
https://feeds.soundcloud.com/users/soundcloud:users:683265857/sounds.rss	en	8836.0
https://anchor.fm/s/3452b168/podcast/rss	en	98515.0
https://feeds.soundcloud.com/users/soundcloud:users:269835335/sounds.rss	en	447758.0
https://typetheorypodcast.com/feed/podcast/	en-US	5570.0
https://anchor.fm/s/5b1c2b8/podcast/rss	en	27287.0
https://feeds.soundcloud.com/users/soundcloud:users:208406379/sounds.rss	en	4745.0
https://anchor.fm/s/5b38d820/podcast/rss	en	15361.0
https://anchor.fm/s/9ad5ed60/podcast/rss	en	16144.0
https://anchor.fm/s/4b8fbaec/podcast/rss	en	25603.0
https://feeds.soundcloud.com/users/soundcloud:users:284245014/sounds.rss	en	10370.0
https://anchor.fm/s/67ad4f0/podcast/rss	en-ie	102628.0
https://anchor.fm/s/44e35b2c/podcast/rss	en	60616.0
https://feeds.soundcloud.com/users/soundcloud:users:262224565/sounds.rss	en	9615.0
https://anchor.fm/s/80fe120/podcast/rss	en	39150.0
https://drunkendorkpodcast.libsyn.com/rss	en	968336.0
https://anchor.fm/s/1785dbb4/podcast/rss	en	101549.0
https://anchor.fm/s/bcf26964/podcast/rss	en-us	88094.0
https://churchatthecrossroads.cloversites.com/podcast/a04c8835-65d1-454b-842a-baa3c11552a5.xml	en	55866.0
https://anchor.fm/s/dadc0f98/podcast/rss	en-gb	27638.0
https://anchor.fm/s/b4ab36f0/podcast/rss	en	31126.0
https://feed.podbean.com/dyoungff/feed.xml	en-us	25752.0
https://brrcc.libsyn.com/rss	en	116888.0
https://feed.podbean.com/theweeklywinedown/feed.xml	en	486993.0
https://feeds.simplecast.com/rPTEoqf4	en	184492.0
https://anchor.fm/s/39acbd0c/podcast/rss	en	10624.0
https://www.fulcrumcwi.com/category/podcast-series-finish-strong/feed/	en-US	102916.0
https://feeds.simplecast.com/W5NC3tue	en	22549.0
https://anchor.fm/s/13aa9264/podcast/rss	en	420664.0
https://uncoveryourconfidence.libsyn.com/rss	en	13867.0
https://feeds.soundcloud.com/users/soundcloud:users:487102095/sounds.rss	en	9381.0
https://rporeipodcast.libsyn.com/rss	en	1086302.0
https://www.olrob.com/episodes?format=rss	en	48928.0
https://anchor.fm/s/28e263b4/podcast/rss	en	26455.0
https://anchor.fm/s/b0f3b30c/podcast/rss	en	224056.0
https://feeds.soundcloud.com/users/soundcloud:users:70483611/sounds.rss	en	7116.0
https://www.vaticannews.va/en/podcast/the-voice-of-the-pope.podcast.xml	en	29333.0
https://feeds.soundcloud.com/users/soundcloud:users:220372956/sounds.rss	en	10544.0
https://anchor.fm/s/6eabdc4/podcast/rss	en	408240.0
https://anchor.fm/s/1048a0c0/podcast/rss	en	4756.0
https://anchor.fm/s/54a56dd4/podcast/rss	en	4907.0
https://anchor.fm/s/af99c53c/podcast/rss	en	89644.0
http://www.red-hot-mama.com/?feed=podcast	en-US	24677.0
https://anchor.fm/s/7c48c750/podcast/rss	en	47768.0
https://feeds.soundcloud.com/users/soundcloud:users:264129715/sounds.rss	en	8077.0
https://schoolofselfmastery.libsyn.com/rss	en	544561.0
https://thecjsilasshow.libsyn.com/rss	en	202199.0
https://anchor.fm/s/57f8c2d8/podcast/rss	en	22657.0
https://mccartygroup.libsyn.com/rss	en	34270.0
https://anchor.fm/s/66094d84/podcast/rss	en-us	56013.0
https://anchor.fm/s/451247ac/podcast/rss	en	3860.0
https://feed.podbean.com/brookehammerling/feed.xml	en	114668.0
https://anchor.fm/s/1085086c/podcast/rss	en	230305.0
https://www.farmmachinerydigest.com/feed/podcast	en-US	481350.0
https://anchor.fm/s/10dfade4/podcast/rss	en	79412.0
https://feeds.captivate.fm/new-manna/	en	36365.0
https://feeds.libsyn.com/428076/rss	en-us	974688.0
https://anchor.fm/s/4343dad0/podcast/rss	en	4848.0
https://jaretgoestothemoviesvideo.podbean.com/feed.xml	en	608861.0
https://robhasawebsite.com/feed/rhap-ups/	en-US	371937.0
https://anchor.fm/s/3d305b64/podcast/rss	en	50527.0
https://feeds.soundcloud.com/users/soundcloud:users:451699995/sounds.rss	en	12667.0
https://anchor.fm/s/4ad4e348/podcast/rss	en	46429.0
https://feeds.soundcloud.com/users/soundcloud:users:106369502/sounds.rss	en	5822.0
https://anchor.fm/s/3536f3c8/podcast/rss	en	3679.0
https://anchor.fm/s/796f47c/podcast/rss	en	477183.0
https://anchor.fm/s/11726c4c/podcast/rss	en	22490.0
https://anchor.fm/s/33f6e5cc/podcast/rss	en	8775.0
https://hacktheentrepreneur.libsyn.com/rss	en	429439.0
https://anchor.fm/s/c6797f4/podcast/rss	en	26432.0
https://anchor.fm/s/51e5230/podcast/rss	en	62232.0
https://anchor.fm/s/1356477c/podcast/rss	en	34397.0
https://feeds.soundcloud.com/users/soundcloud:users:500638539/sounds.rss	en	7969.0
https://anchor.fm/s/43c8a74c/podcast/rss	en	69228.0
https://sonsofpitches.libsyn.com/rss	en	549668.0
https://anchor.fm/s/c5293e0/podcast/rss	en	41963.0
https://anchor.fm/s/83dc4bb8/podcast/rss	en	73032.0
https://feeds.soundcloud.com/users/soundcloud:users:47301662/sounds.rss	en	91943.0
https://calvariooxnard.org/images/mp3/matthew.xml	en-GB	112136.0
https://anchor.fm/s/10ab8780/podcast/rss	en	19732.0
https://feeds.soundcloud.com/users/soundcloud:users:515304576/sounds.rss	en	7437.0
https://anchor.fm/s/392c60e4/podcast/rss	en	7131.0
https://feed.podbean.com/comediantyraney/feed.xml	en	14250.0
https://www.pbs.org/newshour/feeds/rss/podcasts/brooks-and-capehart	en-US	17826.0
https://freedomorbust.libsyn.com/rss	en	45435.0
https://gregbell.libsyn.com/rss	en	73430.0
https://feeds.simplecast.com/7tGZDxrB	en	379926.0
https://anchor.fm/s/22209d70/podcast/rss	en	4773.0
https://anchor.fm/s/f38becc/podcast/rss	en	7125.0
https://feeds.soundcloud.com/users/soundcloud:users:235076847/sounds.rss	en	9876.0
https://anchor.fm/s/52eadb0/podcast/rss	en	11679.0
https://anchor.fm/s/56288b0/podcast/rss	en-us	531564.0
https://feeds.acast.com/public/shows/5f7fd5efb82872187de5aacf	en	98433.0
https://anchor.fm/s/dd90820/podcast/rss	en	17785.0
https://anchor.fm/s/3b59d25c/podcast/rss	en	18453.0
https://anchor.fm/s/478d9590/podcast/rss	en	8209.0
http://feeds.ancientfaith.com/PathToTheAcademy	en-us	232098.0
https://feeds.soundcloud.com/users/soundcloud:users:41318304/sounds.rss	en	2486140.0
https://anchor.fm/s/5626ecf0/podcast/rss	en	34155.0
https://anchor.fm/s/40e789bc/podcast/rss	en	37775.0
https://feeds.acast.com/public/shows/salty	en	9893.0
https://rss.acast.com/we-will-get-past-this	en	28376.0
https://feeds.soundcloud.com/users/soundcloud:users:427709985/sounds.rss	en	10583.0
https://anchor.fm/s/58d22604/podcast/rss	en-us	447049.0
https://1d4cast.org/category/long-form-actual-plays/feed/	en-US	363335.0
https://anchor.fm/s/250114fc/podcast/rss	en	5580.0
https://anchor.fm/s/140e35d0/podcast/rss	en	35417.0
https://feeds.acast.com/public/shows/3c8a10ad-c4a4-5279-a79e-621ddee199ab	en	274558.0
https://mcsorleys.barstoolsports.com/feed/chicks-in-the-office	en-us	2929066.0
https://seoleverage.libsyn.com/rss	en	106030.0
https://anchor.fm/s/3da14be4/podcast/rss	en	6381.0
https://youthworkeronfire.libsyn.com/rss	en	177772.0
https://anchor.fm/s/5a44a8cc/podcast/rss	en	20618.0
https://feeds.soundcloud.com/users/soundcloud:users:227356378/sounds.rss	en	10457.0
https://pintocomics.libsyn.com/rss	en	1430595.0
https://anchor.fm/s/b44324c/podcast/rss	en	49989.0
https://tedandmichael.libsyn.com/rss	en	44944.0
https://anchor.fm/s/eae672c/podcast/rss	en	661520.0
https://anchor.fm/s/6b5ebd78/podcast/rss	en	16839.0
https://toginet.com/rss/itunes/stopraisingeinstein	en-us	194610.0
https://feeds.soundcloud.com/users/soundcloud:users:368531567/sounds.rss	en	874014.0
https://detroitdrinkshistory.libsyn.com/rss	en	7208.0
https://moviesilikejds.libsyn.com/rss	en	252820.0
https://anchor.fm/s/177cf1ac/podcast/rss	en	204063.0
https://anchor.fm/s/60a96068/podcast/rss	en	26374.0
http://s3-us-west-2.amazonaws.com/marketjournal/mj.xml	en-us	87270.0
https://anchor.fm/s/624f3f3c/podcast/rss	en	16491.0
https://feeds.soundcloud.com/users/soundcloud:users:140213191/sounds.rss	en	370980.0
https://anchor.fm/s/49e9b88c/podcast/rss	en	16634.0
https://feeds.soundcloud.com/users/soundcloud:users:634822269/sounds.rss	en	1448836.0
https://longsufferingnyk.libsyn.com/rss	en	515271.0
https://anchor.fm/s/cead1884/podcast/rss	en	18114.0
https://anchor.fm/s/1a6e692c/podcast/rss	en	14853.0
https://jesusvivehoy.org/feed/podcast/	en-US	31483.0
https://feed.podbean.com/finestworksongs/feed.xml	en	236740.0
https://anchor.fm/s/4995b264/podcast/rss	en	7298.0
https://anchor.fm/s/556647c0/podcast/rss	en	186555.0
https://anchor.fm/s/5d69c758/podcast/rss	en	12222.0
https://anchor.fm/s/4b3bd9e0/podcast/rss	en	57716.0
https://feeds.soundcloud.com/users/soundcloud:users:311580093/sounds.rss	en	13443.0
http://www.loyalbooks.com/book/paradise-lost-by-john-milton/feed	en-us	34876.0
https://feeds.soundcloud.com/users/soundcloud:users:817756285/sounds.rss	en	10256.0
https://anchor.fm/s/683e0068/podcast/rss	en	7789.0
https://simplyfordogs.libsyn.com/rss	en	27430.0
https://feeds.feedburner.com/aeternea	en-us	12872.0
https://rss.whooshkaa.com/rss/podcast/id/910	en-us	50880.0
https://anchor.fm/s/1ff466d0/podcast/rss	en	12888.0
https://feeds.soundcloud.com/users/soundcloud:users:828811132/sounds.rss	en	5335.0
https://spacecasey2.libsyn.com/rss	en	13320.0
https://anchor.fm/s/68e891a4/podcast/rss	en-us	878580.0
https://break-the-glass-slipper.libsyn.com/rss	en	154680.0
https://anchor.fm/s/a5a1194/podcast/rss	en	17639.0
https://anchor.fm/s/4d177620/podcast/rss	en	42302.0
http://discocriminal.jellycast.com/podcast/feed/2	en-PI	45585.0
https://anchor.fm/s/b479644/podcast/rss	en	19541.0
https://onlinegamblingbible.com/feed/podcast/	en-US	21897.0
https://feed.podbean.com/mayachung/feed.xml	en-us	118637.0
https://feeds.soundcloud.com/users/soundcloud:users:794798641/sounds.rss	en	30999.0
https://feeds.feedburner.com/PetsMeanBusinessOnPetLifeRadio	en	111058.0
https://anchor.fm/s/3d275e38/podcast/rss	en	10020.0
https://anchor.fm/s/5dad9398/podcast/rss	en	4640.0
https://www.spglobal.com/ratings/feeds/itunes	en-US	90039.0
https://anchor.fm/s/2bc45628/podcast/rss	en	90708.0
https://anchor.fm/s/455afb0/podcast/rss	en	12853.0
https://anchor.fm/s/425a46b8/podcast/rss	en-us	921028.0
https://anchor.fm/s/40577c64/podcast/rss	en	3676.0
https://feed.podbean.com/shakespearepals/feed.xml	en	94843.0
https://macminutes.blubrry.net/feed/podcast/	en-US	5035.0
https://feeds.soundcloud.com/users/soundcloud:users:339043042/sounds.rss	en	7733.0
https://anchor.fm/s/4a15850c/podcast/rss	en	8642.0
http://feeds.podtrac.com/2rPmYQCzI__a	en	752305.0
https://anchor.fm/s/b49d350/podcast/rss	en	127395.0
https://anchor.fm/s/84d0e1c8/podcast/rss	en	33378.0
https://feeds.libsyn.com/408338/rss	en	14814.0
https://anchor.fm/s/388ee15c/podcast/rss	en	212343.0
https://feeds.simplecast.com/_0gqDpL4	en	18313.0
https://feed.podbean.com/secondstudentswest/feed.xml	en	282668.0
https://www.itcamefromjapan.co.uk/?feed=podcast	en	140875.0
https://anchor.fm/s/77de0130/podcast/rss	en	15744.0
https://anchor.fm/s/2713d540/podcast/rss	en	69453.0
https://anchor.fm/s/3feb70a0/podcast/rss	en	89332.0
https://anchor.fm/s/9dcc22f0/podcast/rss	en-us	29875.0
https://anchor.fm/s/68d6fbb0/podcast/rss	en	32559.0
https://anchor.fm/s/f6a0e3c/podcast/rss	en	279928.0
https://feeds.soundcloud.com/users/soundcloud:users:266453242/sounds.rss	en	74127.0
https://www.xpministries.com/category/xpvideos-podcasts/feed/	en-US	45825.0
https://www.launchpadone.com/feed/Game-on-	en-us	311615.0
https://anchor.fm/s/4c1e3650/podcast/rss	en	3679.0
https://anchor.fm/s/1ee4e94/podcast/rss	en	5120.0
https://www.podcasts.com/rss_feed/97ee3ad34cf08725c8c6758a615e35ed	en-US	23947.0
https://anchor.fm/s/93eef9ec/podcast/rss	en	109113.0
https://arttappodcast.libsyn.com/rss	en	301687.0
https://feeds.simplecast.com/SNgvStkH	en	18443.0
https://anchor.fm/s/f7cba50/podcast/rss	en-us	4405.0
https://anchor.fm/s/677e01a0/podcast/rss	en	13287.0
https://anchor.fm/s/3f06c914/podcast/rss	en	6677.0
https://anchor.fm/s/18ee542c/podcast/rss	en	81835.0
https://yephesaidit.libsyn.com/rss	en	65399.0
https://feed.podbean.com/haven/feed.xml	en	126328.0
https://anchor.fm/s/34ad3804/podcast/rss	en	13728.0
https://www.cbc.ca/podcasting/includes/opp.xml	en-ca	69770.0
https://anchor.fm/s/d55302c/podcast/rss	en	43316.0
https://anchor.fm/s/eae27e4/podcast/rss	en	419562.0
https://rss.acast.com/twice-upon-a-time	en	41314.0
https://feeds.captivate.fm/sports-forgotten-heroes/	en	556868.0
https://galepartners.libsyn.com/rss	en	27275.0
https://anchor.fm/s/4a49ac9c/podcast/rss	en	33015.0
http://davidharvey.org/v2audiofeed.xml	en-us	76617.0
https://feed.podbean.com/jetstalk247/feed.xml	en	712826.0
https://anchor.fm/s/656d5690/podcast/rss	en	3799.0
https://anchor.fm/s/d06a204/podcast/rss	en	370971.0
http://rss.castbox.fm/everest/1d54f71172004ba7aa5524ad2d0cfebe.xml	en-us	43374.0
https://feeds.soundcloud.com/users/soundcloud:users:340943531/sounds.rss	en	86253.0
https://feed.podbean.com/yourtakeisex/feed.xml	en	181744.0
https://letstalkaboutsuperspecialkids.libsyn.com/rss	en	27203.0
https://anchor.fm/s/5aade120/podcast/rss	en	121460.0
https://onelastpoem.libsyn.com/rss	en-gb	8714.0
https://anchor.fm/s/1c633b54/podcast/rss	en	17669.0
https://anchor.fm/s/4a1c4978/podcast/rss	en	411756.0
https://anchor.fm/s/6d4550c/podcast/rss	en	664257.0
http://feeds.feedburner.com/ThePeakChurch	en-US	58784.0
https://feed.pod.co/toughest-call-with-chaz-thorne	en	28237.0
https://thebottomofit.libsyn.com/rss	en	261912.0
https://www.lifeontheswingset.com/category/podcast/sex-ed-a-go-go/feed/	en-US	37085.0
https://www.sermonaudio.com/rss_search.asp?speakeronly=true&keyword=Paul+Washer	en-us	24420.0
https://anchor.fm/s/14ee9418/podcast/rss	en	17242.0
https://webtalkradio.net/internet-talk-radio/category/podcasts/health-and-wellness/think-beyond-pink/feed/	en-US	87126.0
https://anchor.fm/s/711b99fc/podcast/rss	en	9226.0
https://anchor.fm/s/954765cc/podcast/rss	en	10028.0
https://anchor.fm/s/27de83f8/podcast/rss	en	43214.0
https://anchor.fm/s/b50ecb84/podcast/rss	en	150212.0
https://feeds.acast.com/public/shows/60b646557e90320019700490	en	52187.0
http://www.toinfinitystudios.com/writingcomics?format=rss	en-US	31422.0
https://feeds.soundcloud.com/users/soundcloud:users:824139/sounds.rss	en	66050.0
https://anchor.fm/s/2c9e6e94/podcast/rss	en	13057.0
https://anchor.fm/s/468f4d78/podcast/rss	en	4795.0
https://anchor.fm/s/1e993a40/podcast/rss	en	52968.0
https://feeds.soundcloud.com/users/soundcloud:users:270211959/sounds.rss	en	10653.0
https://anchor.fm/s/da95a6fc/podcast/rss	en	9544.0
https://anchor.fm/s/7d18830/podcast/rss	en-us	7793.0
https://anchor.fm/s/5b69511c/podcast/rss	en	23570.0
https://feed.podbean.com/hutchirish/feed.xml	en	45190.0
https://meditationsbygto.libsyn.com/rss	en	106034.0
https://www.gaydio.co.uk/on-air/podcasts/553337.xml	en-gb	795571.0
https://feeds.acast.com/public/shows/5f208cc1da7b537764f9ced8	en	106658.0
https://feeds.libsyn.com/461244/rss	en	5758.0
https://ca-ns-1.bulkstorage.ca/v1/AUTH_0d09c87549084f4ba4ad4a9e807d0d76/17719/feeds/3SVKD.xml?temp_url_sig=509699cb89b021cdd78ccc4f38d68fd8051a9f6b&temp_url_expires=1905582860&inline	en	24192.0
https://feed.podbean.com/knifemakingdownunder/feed.xml	en	426329.0
https://59north.libsyn.com/rss	en	1594802.0
https://anchor.fm/s/8f5e260/podcast/rss	en	64062.0
https://anchor.fm/s/779dae0/podcast/rss	en	87842.0
https://anchor.fm/s/5b03bf8c/podcast/rss	en	109371.0
https://anchor.fm/s/361f5fc8/podcast/rss	en	26583.0
https://anchor.fm/s/a6e9074/podcast/rss	en-us	16263.0
https://anchor.fm/s/97e8bec/podcast/rss	en	166275.0
https://anchor.fm/s/66210d98/podcast/rss	en	172239.0
https://feeds.feedburner.com/thedsfactor	en-us	6430.0
https://goodgoodpodcast.libsyn.com/rss	en	142134.0
http://divefilmhd.com/podcasts/podcast.xml	en	39316.0
https://anchor.fm/s/3100ecc8/podcast/rss	en	6237.0
https://feed.podbean.com/oldtimeycrimey/feed.xml	en	1084913.0
https://feeds.soundcloud.com/users/soundcloud:users:48537086/sounds.rss	en	20809.0
https://feeds.captivate.fm/curiositykey/	en	116430.0
https://anchor.fm/s/579baf8/podcast/rss	en	116465.0
https://feeds.soundcloud.com/users/soundcloud:users:791152162/sounds.rss	en	48005.0
https://anchor.fm/s/a3250a0/podcast/rss	en	37346.0
https://anchor.fm/s/1a6f81a4/podcast/rss	en	14173.0
https://anchor.fm/s/8d30e494/podcast/rss	en	51686.0
https://soulofbusiness.libsyn.com/rss	en	58342.0
https://monaradio.libsyn.com/rss	en	100103.0
https://feeds.acast.com/public/shows/d41a80b2-1fe3-45dc-9966-79caeb36e911	en	3159062.0
https://feeds.captivate.fm/the-farmers-corner-fc/	en	167853.0
https://anchor.fm/s/3811884c/podcast/rss	en	63771.0
https://rss.art19.com/the-triple-c-and-schmo-show	en	75230.0
https://anchor.fm/s/491d088c/podcast/rss	en	55935.0
https://weactradio.libsyn.com/rss	en	248024.0
https://anchor.fm/s/1ee1e6f0/podcast/rss	en	22908.0
https://feeds.soundcloud.com/users/soundcloud:users:328738659/sounds.rss	en	446212.0
https://anchor.fm/s/2d8e58f0/podcast/rss	en	60923.0
https://anchor.fm/s/5571087c/podcast/rss	en	5329.0
https://nodishes.libsyn.com/rss	en	305717.0
https://anchor.fm/s/30847db4/podcast/rss	en	20302.0
https://www.marketplace.org/feed/podcast/codebreaker-by-marketplace-and-tech-insider	en-US	29280.0
https://anchor.fm/s/48003de8/podcast/rss	en	116812.0
https://reviveyourself.co/feed/podcast/	en-US	890071.0
https://anchor.fm/s/722306b4/podcast/rss	en-us	74568.0
https://anchor.fm/s/53a86e4/podcast/rss	en-ca	16141.0
https://theratcap.libsyn.com/rss	en-us	55603.0
https://intelligentmining.libsyn.com/rss	en	13920.0
https://anchor.fm/s/ed0457c/podcast/rss	en	15477.0
https://aquietnightinsideno9.libsyn.com/rss	en	262710.0
https://anchor.fm/s/7e307694/podcast/rss	en	22822.0
https://feeds.libsyn.com/406856/rss	en	17228.0
https://feeds.soundcloud.com/users/soundcloud:users:243205247/sounds.rss	en	158308.0
https://feeds.soundcloud.com/users/soundcloud:users:196098036/sounds.rss	en	3650.0
https://anchor.fm/s/70b67f90/podcast/rss	en-gb	237990.0
https://anchor.fm/s/11290610/podcast/rss	en	6582.0
https://feeds.soundcloud.com/users/soundcloud:users:476733318/sounds.rss	en	10300.0
https://feed.podbean.com/radtalks/feed.xml	en	59420.0
https://anchor.fm/s/74f4104/podcast/rss	en	197431.0
https://anchor.fm/s/144b9a9c/podcast/rss	en	339387.0
https://feeds.simplecast.com/zDGe3uvS	en	159446.0
https://anchor.fm/s/7f4fb94/podcast/rss	en	3660.0
https://boilerroomcast.libsyn.com/rss	en	111249.0
https://anchor.fm/s/748dc3f8/podcast/rss	en	68704.0
https://anchor.fm/s/24e26264/podcast/rss	en	92982.0
https://feeds.soundcloud.com/users/soundcloud:users:620539767/sounds.rss	en	786775.0
https://rss.acast.com/a-world-interrupted	en	212560.0
https://anchor.fm/s/69a94ac/podcast/rss	en-us	7286.0
https://sistersofscifi.libsyn.com/rss	en	100473.0
https://feed.podbean.com/fearlessandunleashed/feed.xml	en	287407.0
https://feeds.soundcloud.com/users/soundcloud:users:181222395/sounds.rss	en	932405.0
https://anchor.fm/s/2e3bbf90/podcast/rss	en	34587.0
https://anchor.fm/s/2ac7a964/podcast/rss	en	56535.0
https://anchor.fm/s/5cb2fa14/podcast/rss	en	54032.0
http://feeds.feedburner.com/ProphetsVoice	en	46677.0
https://feeds.soundcloud.com/users/soundcloud:users:186642477/sounds.rss	en	8594.0
https://anchor.fm/s/5916da4c/podcast/rss	en	185541.0
https://anchor.fm/s/13294ab0/podcast/rss	en	348660.0
https://anchor.fm/s/4f1108b0/podcast/rss	en	41062.0
https://podcastfeeds.nbcnews.com/HL4TzgYC	en	1510976.0
https://www.moorelife.org/xml/podcasts/OneMasterVideo.xml	en-us	36000.0
https://feed.podbean.com/fbcrichmond/feed.xml	en	285813.0
https://feeds.soundcloud.com/users/soundcloud:users:1063353901/sounds.rss	en	4276.0
https://anchor.fm/s/49f46b38/podcast/rss	en	18591.0
https://anchor.fm/s/6c77cdd0/podcast/rss	en	7993.0
https://anchor.fm/s/3a95966c/podcast/rss	en	137595.0
https://feeds.simplecast.com/8kEIusZ_	en-us	633308.0
https://feeds.simplecast.com/rf4o3_VS	en	18291.0
https://feed.podbean.com/jeromekbrown44/feed.xml	en	127648.0
https://feeds.soundcloud.com/users/soundcloud:users:222529737/sounds.rss	en	3685.0
https://feeds.soundcloud.com/users/soundcloud:users:39032721/sounds.rss	en	10483.0
https://anchor.fm/s/202a7ce8/podcast/rss	en	3606.0
https://feeds.soundcloud.com/users/soundcloud:users:302938239/sounds.rss	en	10663.0
https://anchor.fm/s/566537d0/podcast/rss	en	18349.0
https://anchor.fm/s/3069fbc4/podcast/rss	en	31544.0
https://anchor.fm/s/caebecc/podcast/rss	en	165777.0
https://anchor.fm/s/894b4a4/podcast/rss	en	531516.0
https://anchor.fm/s/1cea2bdc/podcast/rss	en	130207.0
https://anchor.fm/s/1504a104/podcast/rss	en	431324.0
https://anchor.fm/s/99ee4ce4/podcast/rss	en-us	14753.0
https://anchor.fm/s/14a10f90/podcast/rss	en	42551.0
https://anchor.fm/s/1cf1d594/podcast/rss	en	6590.0
https://feeds.libsyn.com/408164/rss	en	51749.0
https://feeds.soundcloud.com/users/soundcloud:users:623872884/sounds.rss	en	7874.0
https://portlandrealestatepodcast.libsyn.com/rss	en	454475.0
https://anchor.fm/s/c56de30c/podcast/rss	en-us	17578.0
https://feeds.soundcloud.com/users/soundcloud:users:192749731/sounds.rss	en	45774.0
https://rss.acast.com/atomicrobo	en	40405.0
https://feeds.soundcloud.com/users/soundcloud:users:220527488/sounds.rss	en	9521.0
https://feeds.soundcloud.com/users/soundcloud:users:874644790/sounds.rss	en	38765.0
https://anchor.fm/s/29159a40/podcast/rss	en	32221.0
https://anchor.fm/s/4cf0ee10/podcast/rss	en	64058.0
https://anchor.fm/s/11c9f994/podcast/rss	en	3808.0
https://anchor.fm/s/1ec3639c/podcast/rss	en	27574.0
https://cuppawiththequeen.libsyn.com/rss	en	37068.0
https://feeds.soundcloud.com/users/soundcloud:users:224494380/sounds.rss	en	297095.0
https://knowledgeformen.libsyn.com/rss	en	1138738.0
https://anchor.fm/s/d4fa440/podcast/rss	en	6570.0
https://pinecast.com/feed/in-his-name	en-US	4689.0
https://feeds.captivate.fm/tech-chef/	en	148294.0
https://feeds.acast.com/public/shows/62cee11211998c0013e4718d	en	43653.0
https://anchor.fm/s/3970a254/podcast/rss	en	83468.0
https://iiotspotlight.libsyn.com/rss	en	288934.0
https://anchor.fm/s/25dd9314/podcast/rss	en	4994.0
https://feed.podbean.com/thesevenseasofstories/feed.xml	en	11203.0
https://feeds.soundcloud.com/users/soundcloud:users:177472579/sounds.rss	en	10562.0
https://anchor.fm/s/5dc7e90/podcast/rss	en	35853.0
https://anchor.fm/s/6a0c81f8/podcast/rss	en	10681.0
https://anchor.fm/s/d5272c18/podcast/rss	en	34615.0
https://anchor.fm/s/53b897c0/podcast/rss	en	150251.0
https://anchor.fm/s/9b79af4/podcast/rss	en-us	211113.0
https://anchor.fm/s/6e7dd8f4/podcast/rss	en	5458.0
https://poddontlie.libsyn.com/rss	en	241902.0
https://anchor.fm/s/64d3d614/podcast/rss	en-us	87663.0
https://anchor.fm/s/1da7d6f0/podcast/rss	en	21610.0
https://ribtplus.libsyn.com/rss	en	59225.0
https://static.adorilabs.com/feed/ope-radio.xml	en	164897.0
https://anchor.fm/s/473f8274/podcast/rss	en	13442.0
https://anchor.fm/s/341f9a8/podcast/rss	en-us	17754.0
https://anchor.fm/s/8e9cb484/podcast/rss	en-us	19729.0
https://anchor.fm/s/435df410/podcast/rss	en	5193.0
https://anchor.fm/s/d93c0878/podcast/rss	en-us	43473.0
https://thirdeyecandypodcast.libsyn.com/rss	en	11462.0
https://feed.podbean.com/dftw.youthwellness.com/feed.xml	en	76252.0
https://shutupandsitwithyedda.libsyn.com/rss	en	135753.0
https://anchor.fm/s/49f6fe34/podcast/rss	en	5860.0
https://anchor.fm/s/573121c4/podcast/rss	en	84790.0
https://anchor.fm/s/52cec974/podcast/rss	en	10663.0
https://anchor.fm/s/e547b40/podcast/rss	en	429490.0
https://anchor.fm/s/de52f74/podcast/rss	en	21739.0
https://feeds.simplecast.com/pSBiAnG3	en	96935.0
https://anchor.fm/s/5964b78/podcast/rss	en	37689.0
https://anchor.fm/s/ce04618/podcast/rss	en	174290.0
https://anchor.fm/s/61f2dc74/podcast/rss	en	238640.0
https://dsh-pitch-please.libsyn.com/rss	en	284962.0
https://feed.podbean.com/bethelokc/feed.xml	en	513961.0
https://feed.podbean.com/dementiamatters/feed.xml	en	145738.0
https://anchor.fm/s/5af95d58/podcast/rss	en	79503.0
http://rss.castbox.fm/everest/aa15e25653f3494aac44342d921e7898.xml	en	15173.0
https://deathdamespodcast.libsyn.com/rss	en	215794.0
https://anchor.fm/s/62cfb1a8/podcast/rss	en	10769.0
http://media-podcast.open.ac.uk/feeds/Rio-2012/ipod-all/rss2.xml	en	5107.0
https://feed.podbean.com/sermujerestademadre/feed.xml	en	9543.0
https://www.launchpadone.com/feed/Its-Funny-That-makes-it-ok	en-us	385969.0
https://anchor.fm/s/9ca4da5c/podcast/rss	en	24829.0
https://howtokillasacredcow.libsyn.com/rss	en	398252.0
https://pinecast.com/feed/voices-in-the-cold	en	4279.0
https://anchor.fm/s/3d2965c/podcast/rss	en-us	9582.0
https://feeds.simplecast.com/KlPfXpHv	en	11180.0
https://anchor.fm/s/4c942cc0/podcast/rss	en	10970.0
https://anchor.fm/s/b3ff6b4/podcast/rss	en	58331.0
https://footstompinpodcast.libsyn.com/rss	en	613561.0
https://trillmatic.libsyn.com/rss	en	1363738.0
https://feed.podbean.com/livetowalkagain/feed.xml	en	326334.0
https://anchor.fm/s/442f9de4/podcast/rss	en	26784.0
https://anchor.fm/s/70b72d64/podcast/rss	en	31942.0
https://anchor.fm/s/972a890/podcast/rss	en	392023.0
https://hiresmarterwithtonymisura.libsyn.com/rss	en	87115.0
https://feeds.soundcloud.com/users/soundcloud:users:190170165/sounds.rss	en	8635.0
https://anchor.fm/s/4e14ea80/podcast/rss	en	24836.0
https://feed.podbean.com/creepitrealkc/feed.xml	en	22939.0
https://anchor.fm/s/3a338eb8/podcast/rss	en	163500.0
https://feeds.captivate.fm/the-debt-free-ceo/	en	4534.0
https://feeds.soundcloud.com/users/soundcloud:users:403313151/sounds.rss	en	10716.0
https://anchor.fm/s/5fa579a4/podcast/rss	en	9201.0
http://spidersweb.blubrry.net/feed/podcast/	en	28090.0
https://anchor.fm/s/376ed7dc/podcast/rss	en	4060.0
https://anchor.fm/s/dd3393c4/podcast/rss	en	6310.0
https://anchor.fm/s/4dce750/podcast/rss	en	984083.0
https://feed.podbean.com/neapodcast/feed.xml	en	5661.0
https://www.mamatomamas.com/episodes?format=rss	en	65379.0
https://anchor.fm/s/cb1e05c/podcast/rss	en	25258.0
https://anchor.fm/s/13166850/podcast/rss	en	6353.0
https://feeds.soundcloud.com/users/soundcloud:users:282667836/sounds.rss	en	7805.0
https://feeds.soundcloud.com/users/soundcloud:users:788496934/sounds.rss	en	9043.0
https://kccaresonline.libsyn.com/rss	en-US	477608.0
http://www.txfactor.co.uk/txtalk.xml	en-gb	33892.0
https://feeds.soundcloud.com/users/soundcloud:users:332337440/sounds.rss	en	1450505.0
https://anchor.fm/s/138a47fc/podcast/rss	en-us	5622.0
https://omgradio.libsyn.com/rss	en	108798.0
https://anchor.fm/s/7946bc10/podcast/rss	en	26756.0
https://anchor.fm/s/4cd8b674/podcast/rss	en	7275.0
https://anchor.fm/s/2f851cc/podcast/rss	en-us	36164.0
https://anchor.fm/s/131c9720/podcast/rss	en	70753.0
https://feeds.acast.com/public/shows/682d4863-91e2-471b-b61b-edbb854a3ec7	en	142677.0
https://anchor.fm/s/2731834c/podcast/rss	en	34789.0
https://anchor.fm/s/189151a0/podcast/rss	en	352777.0
https://anchor.fm/s/d962125c/podcast/rss	en-us	32000.0
https://feed.podbean.com/TailgateTillMay/feed.xml	en	179808.0
https://anchor.fm/s/bf56d0/podcast/rss	en	446597.0
https://feeds.soundcloud.com/users/soundcloud:users:336985103/sounds.rss	en	10263.0
https://anchor.fm/s/4e241d84/podcast/rss	en	14618.0
https://feeds.simplecast.com/OAKol5_S	en	50330.0
http://pedroclaro.net/podcast/podcast.rss	en	23754.0
https://anchor.fm/s/12385074/podcast/rss	en	42466.0
https://anchor.fm/s/8e0b610/podcast/rss	en	259418.0
https://anchor.fm/s/1713d2bc/podcast/rss	en	4946.0
https://feeds.captivate.fm/majestic/	en	120496.0
https://www.mrsgreensworld.com/feed/podcast/	en-US	39414.0
https://anchor.fm/s/1c540274/podcast/rss	en	7922.0
https://anchor.fm/s/e1689d4/podcast/rss	en	604911.0
https://anchor.fm/s/415c8d34/podcast/rss	en	65723.0
https://anchor.fm/s/bb13360/podcast/rss	en	26983.0
https://anchor.fm/s/26032d4/podcast/rss	en	5404.0
https://anchor.fm/s/38cbaf60/podcast/rss	en	6278.0
https://anchor.fm/s/adac9c04/podcast/rss	en	53191.0
https://anchor.fm/s/4a196154/podcast/rss	en	7860.0
https://feeds.soundcloud.com/users/soundcloud:users:5264947/sounds.rss	en	6167.0
https://anchor.fm/s/7ce0750/podcast/rss	en	19259.0
https://feed.podbean.com/cantdisappointpodcast/feed.xml	en	839912.0
https://anchor.fm/s/ca8ca30/podcast/rss	en	750133.0
https://civilwarpodcast.libsyn.com/rss	en	768828.0
https://anchor.fm/s/6bd044c0/podcast/rss	en	219486.0
https://backtracks.fm/feed/0c83ad4ec313ea97	en	97155.0
https://anchor.fm/s/18c96e14/podcast/rss	en	69394.0
https://elmad.pardes.org/topic/parsha/podcasts/feed/	en	322575.0
https://anchor.fm/s/28d4198/podcast/rss	en-us	41867.0
https://feeds.soundcloud.com/users/soundcloud:users:754271/sounds.rss	en	82665.0
https://ourgiftedkids.libsyn.com/rss	en	200695.0
https://feeds.soundcloud.com/users/soundcloud:users:71147862/sounds.rss	en	9662.0
https://feeds.soundcloud.com/users/soundcloud:users:196532609/sounds.rss	en	10449.0
http://thewodmix.com/thewodmix.xml	en	100021.0
https://anchor.fm/s/129acbc8/podcast/rss	en	21410.0
https://feeds.soundcloud.com/users/soundcloud:users:469143417/sounds.rss	en	86549.0
https://anchor.fm/s/203675c/podcast/rss	en	337352.0
https://feeds.soundcloud.com/users/soundcloud:users:187060099/sounds.rss	en	527008.0
https://feeds.soundcloud.com/users/soundcloud:users:433942020/sounds.rss	en	10798.0
https://anchor.fm/s/238ad144/podcast/rss	en	623615.0
https://anchor.fm/s/6b1c47cc/podcast/rss	en	83511.0
https://feeds.soundcloud.com/users/soundcloud:users:227386601/sounds.rss	en	181304.0
https://anchor.fm/s/678f2a34/podcast/rss	en	9267.0
https://anchor.fm/s/c2f03cc4/podcast/rss	en-us	24504.0
https://anchor.fm/s/146f78a4/podcast/rss	en	29872.0
https://anchor.fm/s/970f8308/podcast/rss	en	47420.0
https://feeds.captivate.fm/laymens-terms/	en	49112.0
https://anchor.fm/s/4a0babf4/podcast/rss	en	4137.0
https://anchor.fm/s/10577028/podcast/rss	en	234671.0
https://feed.podbean.com/businessnewswales/feed.xml	en	125110.0
https://feed.podbean.com/dissectingdragons/feed.xml	en	485631.0
https://jackptaylor.libsyn.com/rss	en	64599.0
https://anchor.fm/s/45ff0b0/podcast/rss	en	450792.0
https://anchor.fm/s/c542da40/podcast/rss	en-us	20622.0
https://feeds.soundcloud.com/users/soundcloud:users:101696701/sounds.rss	en	7226.0
https://anchor.fm/s/748272b4/podcast/rss	en	32528.0
https://anchor.fm/s/ca83b31c/podcast/rss	en-us	203627.0
https://jamaevidencejamaguidetostatisticsandmethods.libsyn.com/rss	en	22947.0
https://feeds.acast.com/public/shows/60faef9323c8ba0019f4f29b	en	121183.0
https://feed.podbean.com/ADaggerForSightblinder/feed.xml	en	344434.0
https://feeds.simplecast.com/xuQV1fP4	en	4726.0
https://feeds.simplecast.com/nRiRRaLN	en	246832.0
https://feeds.simplecast.com/QerDJmcN	en	109292.0
https://anchor.fm/s/5d04cfb0/podcast/rss	en	9414.0
https://anchor.fm/s/18e44400/podcast/rss	en	10612.0
https://anchor.fm/s/14f2f65c/podcast/rss	en	50329.0
https://feeds.captivate.fm/dark-discussions-podcast/	en	1412322.0
https://anchor.fm/s/2431436c/podcast/rss	en	75725.0
https://anchor.fm/s/1261a80c/podcast/rss	en	9122.0
https://post.futurimedia.com/kfxn/playlist/rss/35.xml	en-us	52496.0
https://anchor.fm/s/33477eac/podcast/rss	en	188231.0
http://feed.podcastmachine.com/podcasts/25506/iphone.rss	en	148749.0
https://homesweethorror.libsyn.com/rss	en-us	79077.0
https://anchor.fm/s/7cee5b34/podcast/rss	en-us	23646.0
https://anchor.fm/s/44aa9788/podcast/rss	en	47536.0
https://kjandthebeardedsailor.libsyn.com/rss	en	17489.0
https://feeds.simplecast.com/SiFGIH2q	en	607674.0
https://anchor.fm/s/50aa5014/podcast/rss	en	45449.0
https://feed.podbean.com/www.queenofthesciences.com/feed.xml	en	340128.0
https://podhistory.libsyn.com/rss	en	143637.0
https://anchor.fm/s/263a83a8/podcast/rss	en	20951.0
https://feeds.soundcloud.com/users/soundcloud:users:250465721/sounds.rss	en	8612.0
https://notsowimpyteacherpodcast.libsyn.com/rss	en	130516.0
https://anchor.fm/s/91c3e844/podcast/rss	en-us	196201.0
http://breakingaleg.jellycast.com/podcast/feed/2	en-PI	25586.0
https://anchor.fm/s/2a65714/podcast/rss	en-us	37506.0
https://anchor.fm/s/152c2bac/podcast/rss	en	388172.0
https://anchor.fm/s/80333b70/podcast/rss	en	6362.0
https://anchor.fm/s/2b0b7284/podcast/rss	en	9082.0
http://www.kuow.org/feeds/podcasts/week-in-review/podcasts/rss.xml	en	225429.0
https://sixthandilive.libsyn.com/rss	en	351080.0
https://anchor.fm/s/e941228/podcast/rss	en	20358.0
https://anchor.fm/s/34a64b5c/podcast/rss	en	6546.0
https://feeds.soundcloud.com/users/soundcloud:users:26172268/sounds.rss	en	386993.0
https://rss.art19.com/the-pit-presents--last-words	en	140743.0
https://tenaciouskamalei.podbean.com/feed.xml	en	12078.0
https://pinecast.com/feed/isle-of-misfit-rolls	en-US	525508.0
https://feed.podbean.com/fplau/feed.xml	en	157578.0
https://anchor.fm/s/372141c/podcast/rss	en-us	114723.0
https://sixfigure.libsyn.com/rss	en	21976.0
https://feeds.simplecast.com/yLHJ82J_	en	108080.0
https://anchor.fm/s/216e546c/podcast/rss	en	6692.0
https://rightinfrontofmyface.libsyn.com/rss	en	163096.0
https://www.sparksandwirycries.org/podcast?format=rss	en	63272.0
https://feed.podbean.com/cmbcyouth/feed.xml	en	28665.0
https://anchor.fm/s/95c83aa8/podcast/rss	en-us	9803.0
https://feed.podbean.com/brandonnbeck/feed.xml	en	65834.0
https://www.canarycryradio.com/feed/podcast/	en-US	924302.0
https://feeds.simplecast.com/ef5WOVce	en	102349.0
https://promodj.com/djdenis-a/groups/418630/DENIS_A_DAR_SESSIONS/rss.xml	en-us	251513.0
https://anchor.fm/s/2a799710/podcast/rss	en	10585.0
https://anchor.fm/s/85d598c/podcast/rss	en	18515.0
http://feeds.feedburner.com/killrockradio	en	9941.0
https://anchor.fm/s/2bfbb3fc/podcast/rss	en	209989.0
https://anchor.fm/s/6f16ac0/podcast/rss	en	12423.0
https://anchor.fm/s/f4f3d64/podcast/rss	en-us	6271.0
https://feeds.soundcloud.com/users/soundcloud:users:685156271/sounds.rss	en	302444.0
https://anchor.fm/s/5a23c15c/podcast/rss	en	26543.0
https://anchor.fm/s/f143034/podcast/rss	en	78529.0
https://anchor.fm/s/3c338f60/podcast/rss	en	25608.0
https://feeds.feedburner.com/VsmVideoScores	en-us	50361.0
https://anchor.fm/s/ff05604/podcast/rss	en	44869.0
https://anchor.fm/s/1f7d9988/podcast/rss	en	4669.0
http://blackmesaradio.com/category/bmr/feed/	en-US	201753.0
https://anchor.fm/s/45d48254/podcast/rss	en	4749.0
https://feeds.soundcloud.com/users/soundcloud:users:150582165/sounds.rss	en	5765.0
https://anchor.fm/s/4e8391d8/podcast/rss	en-us	195862.0
https://feed.podbean.com/frrayshomilies/feed.xml	en	434593.0
https://feed.podbean.com/type40/feed.xml	en	338873.0
https://anchor.fm/s/80c54880/podcast/rss	en-us	223042.0
https://anchor.fm/s/2aad3458/podcast/rss	en	46418.0
https://anchor.fm/s/bea61a8/podcast/rss	en	27748.0
https://feed.podbean.com/haveanicegay/feed.xml	en	78186.0
https://movedtomeditate.libsyn.com/rss	en	148984.0
https://anchor.fm/s/30ff750/podcast/rss	en	8762.0
https://anchor.fm/s/14c70b64/podcast/rss	en	72452.0
https://xwingfiles.com/feed/automatic-for-the-people/	en-US	199413.0
https://feed.podbean.com/inthewordwithtini/feed.xml	en	4113.0
https://anchor.fm/s/1fcee540/podcast/rss	en	15741.0
https://jasonglasslab.libsyn.com/rss	en	1255562.0
https://feeds.soundcloud.com/users/soundcloud:users:353713826/sounds.rss	en	254668.0
https://feed.podbean.com/therandommen/feed.xml	en	162437.0
https://anchor.fm/s/5b8c22c8/podcast/rss	en	79917.0
https://anchor.fm/s/23748894/podcast/rss	en	10643.0
https://feeds.captivate.fm/not-a-class-project/	en	79273.0
https://anchor.fm/s/305be778/podcast/rss	en	5841.0
https://documentingpopularmusic.libsyn.com/rss	en	41602.0
https://feeds.captivate.fm/thefantasyfam/	en	109492.0
https://feeds.simplecast.com/ftB6Gihc	en	1721693.0
https://anchor.fm/s/5093c0b0/podcast/rss	en-ca	4488.0
https://anchor.fm/s/7ed74d84/podcast/rss	en-us	34402.0
https://anchor.fm/s/428cb864/podcast/rss	en-au	121199.0
http://www.calvarycastlerock.com/podcast/podcast.xml	en-us	20160.0
https://buildingabuzz.libsyn.com/rss	en	18573.0
https://feeds.soundcloud.com/users/soundcloud:users:198621096/sounds.rss	en	142325.0
https://golffitnessshow.libsyn.com/rss	en	30067.0
https://anchor.fm/s/1e929f3c/podcast/rss	en	14136.0
https://anchor.fm/s/86ec6e0/podcast/rss	en	10178.0
https://anchor.fm/s/2efa6b48/podcast/rss	en-us	39077.0
https://anchor.fm/s/4b2b7118/podcast/rss	en	372328.0
https://anchor.fm/s/6b311918/podcast/rss	en-us	7642.0
https://feeds.soundcloud.com/users/soundcloud:users:304635548/sounds.rss	en	223267.0
http://www.squealingrat.org/random/feed/	en-US	88485.0
https://anchor.fm/s/149d1214/podcast/rss	en	656975.0
https://anchor.fm/s/354c81c/podcast/rss	en	9279.0
https://anchor.fm/s/1f3950ac/podcast/rss	en	9506.0
https://anchor.fm/s/246c923c/podcast/rss	en	321343.0
https://anchor.fm/s/143207bc/podcast/rss	en	20632.0
https://feed.podbean.com/resurrectionfbg/feed.xml	en	245882.0
https://anchor.fm/s/3793b5c/podcast/rss	en	33651.0
https://anchor.fm/s/b6ae4f0/podcast/rss	en	40300.0
https://anchor.fm/s/13eebad4/podcast/rss	en	1332827.0
http://backtracks.fm/nolayingup/no-laying-up-golf-podcast/feed	en-US	2375568.0
https://anchor.fm/s/402f9334/podcast/rss	en	12816.0
https://anchor.fm/s/bde5bba0/podcast/rss	en-us	74917.0
https://anchor.fm/s/1ccd22a8/podcast/rss	en	386189.0
https://anchor.fm/s/43de96ec/podcast/rss	en	8126.0
https://feed.podbean.com/ousarser/feed.xml	en	433355.0
https://anchor.fm/s/3d255cf0/podcast/rss	en	14768.0
https://feeds.castos.com/5x2j7	en	6438.0
https://anchor.fm/s/2483277c/podcast/rss	en	8082.0
https://anchor.fm/s/4824c834/podcast/rss	en-us	21449.0
https://feeds.captivate.fm/way-too-interested/	en	65676.0
https://feeds.feedburner.com/WatchersOnTheWall	en	97305.0
https://safetyontap.libsyn.com/rss	en	401185.0
https://anchor.fm/s/3d66f0d4/podcast/rss	en	49302.0
https://feeds.blubrry.com/feeds/yoursuccessatlast.xml	en-us	49903.0
https://anchor.fm/s/6a163658/podcast/rss	en	18675.0
https://fiddleandburnvol1theadventuresofcoyote.libsyn.com/rss	en	26537.0
https://anchor.fm/s/e6e2fb8/podcast/rss	en	5822.0
https://anchor.fm/s/518dd50/podcast/rss	en	356494.0
https://feeds.acast.com/public/shows/62f15b5ff4892c0015600ed5	en	8620.0
https://feeds.acast.com/public/shows/63188686dc066f0012bbd8e4	en	205287.0
https://anchor.fm/s/1797164/podcast/rss	en-us	70045.0
https://anchor.fm/s/29ce454/podcast/rss	en	7208.0
https://trainerjim.libsyn.com/rss	en	388226.0
https://anchor.fm/s/2479e464/podcast/rss	en	7371.0
https://thesavagehour.podbean.com/feed.xml	en	93147.0
https://feeds.feedburner.com/book-of-mormon-mp3-kor	en-us	95065.0
https://anchor.fm/s/4381a464/podcast/rss	en	59716.0
https://anchor.fm/s/2da942c8/podcast/rss	en	8979.0
https://anchor.fm/s/4c9a5550/podcast/rss	en	9883.0
https://feed.podcastmachine.com/podcasts/1705/mp3.rss	en	11140.0
https://anchor.fm/s/b442a5cc/podcast/rss	en	11233.0
https://anchor.fm/s/436930a0/podcast/rss	en	13456.0
https://anchor.fm/s/11b79ec/podcast/rss	en-us	29965.0
https://anchor.fm/s/679f7164/podcast/rss	en-us	166376.0
https://feed.podbean.com/afcherewego/feed.xml	en	223417.0
https://anchor.fm/s/309fab20/podcast/rss	en	59019.0
https://feed.podbean.com/fatmanlittleboy/feed.xml	en	125587.0
https://feeds.soundcloud.com/users/soundcloud:users:286553709/sounds.rss	en	69066.0
https://anchor.fm/s/4722c8f0/podcast/rss	en	7691.0
https://anchor.fm/s/11e7e620/podcast/rss	en	35187.0
https://cornerthemarket.libsyn.com/rss	en	130965.0
https://feed.podbean.com/queerhistory/feed.xml	en	121514.0
https://anchor.fm/s/1c80e514/podcast/rss	en	437196.0
https://anchor.fm/s/7198ea10/podcast/rss	en	23980.0
https://anchor.fm/s/9dff6fc/podcast/rss	en	18334.0
https://feed.podbean.com/ruleofthree/feed.xml	en	210084.0
https://feeds.soundcloud.com/users/soundcloud:users:744516592/sounds.rss	en	10460.0
https://anchor.fm/s/31d4464/podcast/rss	en-us	125781.0
https://anchor.fm/s/f761718/podcast/rss	en	9036.0
https://pmiwdc.libsyn.com/rss	en	335627.0
https://duiacademy.libsyn.com/rss	en	17783.0
https://anchor.fm/s/3d338dc0/podcast/rss	en	326355.0
https://anchor.fm/s/12385e20/podcast/rss	en	103711.0
https://anchor.fm/s/5aa2bb38/podcast/rss	en	4645.0
https://anchor.fm/s/3cca0fe4/podcast/rss	en	348658.0
https://pinecast.com/feed/kiki-with-moviebitches	en-US	42480.0
https://feeds.libsyn.com/414053/rss	en-us	17761.0
https://feed.podbean.com/TheMelKShow/feed.xml	en	295573.0
https://feeds.captivate.fm/break-the-chains-find-your-flame/	en	336922.0
https://speakstudiopodcasting.com/i-know-how-this-book-ends?format=rss	en	64870.0
https://anchor.fm/s/f98940/podcast/rss	en-us	809699.0
https://anchor.fm/s/380d8f1c/podcast/rss	en	10024.0
http://www.erinhennessy.com/fo-podcast?format=rss	en-US	27533.0
https://anchor.fm/s/62ef709c/podcast/rss	en-us	168710.0
https://thisweekinchiptune.libsyn.com/rss	en	758677.0
https://feeds.feedburner.com/whatsomewouldcalllies/LVhc	en	83472.0
https://feeds.captivate.fm/the-one-thing-produktive/	en	998356.0
https://anchor.fm/s/cc64830/podcast/rss	en-gb	27659.0
https://anchor.fm/s/bad58a8/podcast/rss	en	21773.0
https://feeds.acast.com/public/shows/62447133bf32120012a96888	en	573431.0
https://anchor.fm/s/2a07ec3c/podcast/rss	en	5045.0
https://anchor.fm/s/1bcfd238/podcast/rss	en	16631.0
https://www.abc.net.au/feeds/12173460/podcast.xml	en	66657.0
https://feed.podbean.com/nayouth/feed.xml	en	216864.0
https://anchor.fm/s/867b8a0/podcast/rss	en-US	8311.0
https://anchor.fm/s/2f70ee58/podcast/rss	en	5706.0
https://anchor.fm/s/b053946c/podcast/rss	en	124230.0
https://feeds.soundcloud.com/users/soundcloud:users:171710796/sounds.rss	en	10402.0
https://anchor.fm/s/4faff31c/podcast/rss	en	5716.0
https://feeds.soundcloud.com/users/soundcloud:users:45190059/sounds.rss	en	9404.0
https://seanmurphystoriesfromthevault.libsyn.com/rss	en-us	73334.0
https://anchor.fm/s/29a92b34/podcast/rss	en	14448.0
https://anchor.fm/s/16416dcc/podcast/rss	en	12914.0
https://anchor.fm/s/d0093a0/podcast/rss	en-us	381265.0
https://anchor.fm/s/22fd77b8/podcast/rss	en	11945.0
https://mightyblueontheat.libsyn.com/rss	en	1442285.0
https://feeds.soundcloud.com/users/soundcloud:users:4700051/sounds.rss	en	21509.0
https://anchor.fm/s/5cb73ac/podcast/rss	en-us	13851.0
http://www.loyalbooks.com/book/pride-and-prejudice-by-jane-austen/feed	en-us	40193.0
https://feeds.soundcloud.com/users/soundcloud:users:280982738/sounds.rss	en	10580.0
https://demondraw.libsyn.com/rss	en	3748.0
https://feeds.soundcloud.com/users/soundcloud:users:121353471/sounds.rss	en	8668.0
https://sigmanutrition.libsyn.com/rss/	en	1574390.0
https://anchor.fm/s/6ac12108/podcast/rss	en	10411.0
https://warpdrives.libsyn.com/rss	en	124351.0
https://feeds.soundcloud.com/users/soundcloud:users:1127255404/sounds.rss	en	221659.0
http://itstreaming.apple.com/podcasts/special_event_uk/davina/davina.xml	en	5030.0
https://6thandjump.libsyn.com/rss	en	273576.0
https://anchor.fm/s/254c4184/podcast/rss	en	6234.0
https://feeds.soundcloud.com/users/soundcloud:users:211227877/sounds.rss	en	9152.0
https://feeds.soundcloud.com/users/soundcloud:users:276516166/sounds.rss	en	10702.0
https://feeds.acast.com/public/shows/596ee8b36b3475a168b0d8f5	en	774861.0
https://anchor.fm/s/55d7c80/podcast/rss	en	6321.0
https://anchor.fm/s/e3f1b60/podcast/rss	en	50873.0
https://feed.podbean.com/jstarpod/feed.xml	en	7211.0
https://anchor.fm/s/e3ebe68/podcast/rss	en	17987.0
https://feeds.soundcloud.com/users/soundcloud:users:557603604/sounds.rss	en	33189.0
https://anchor.fm/s/24bd2e90/podcast/rss	en	9767.0
https://feeds.soundcloud.com/users/soundcloud:users:1139853334/sounds.rss	en	100823.0
https://anchor.fm/s/5c6cb504/podcast/rss	en	49620.0
https://anchor.fm/s/1d0a3120/podcast/rss	en	3694.0
https://anchor.fm/s/45273edc/podcast/rss	en	49874.0
https://feeds.blubrry.com/feeds/rozusheroff.xml	en	18734.0
https://anchor.fm/s/37b6abc/podcast/rss	en	133412.0
https://anchor.fm/s/7a0258f8/podcast/rss	en-us	15726.0
https://anchor.fm/s/28b2fa98/podcast/rss	en	7440.0
https://feeds.acast.com/public/shows/60880ee0701a181d53b0da88	en	300435.0
https://anchor.fm/s/f0b3c68/podcast/rss	en	27938.0
https://chrismcalister.podbean.com/feed.xml	en	349638.0
https://feeds.acast.com/public/shows/63889d03eaf58500117bbbca	en	295035.0
https://anchor.fm/s/1947f068/podcast/rss	en	11105.0
https://feed.podbean.com/watermarkmn/feed.xml	en	41253.0
https://anchor.fm/s/236b137c/podcast/rss	en	7706.0
https://anchor.fm/s/a5ec004/podcast/rss	en	31651.0
https://anchor.fm/s/154bdd58/podcast/rss	en	24537.0
https://thinkoutsidethefirm.libsyn.com/rss	en	87604.0
https://hearthis.at/djdela254/podcast.xml	en-EN	202885.0
https://feeds.simplecast.com/zN0qdbWj	en	18566.0
https://feeds.captivate.fm/how-did-we-miss-that/	en	143552.0
https://anchor.fm/s/9318784/podcast/rss	en-us	23818.0
https://anchor.fm/s/fd9404/podcast/rss	en	123444.0
https://anchor.fm/s/1bf53f14/podcast/rss	en	259835.0
https://anchor.fm/s/4119baf4/podcast/rss	en	132341.0
https://astromary.libsyn.com/rss	en	665761.0
https://rss.art19.com/so-far-so-rare	en	432790.0
https://anchor.fm/s/bfc8d9c0/podcast/rss	en-us	49793.0
https://anchor.fm/s/1542e02c/podcast/rss	en	18701.0
https://anchor.fm/s/11b6baa0/podcast/rss	en	274116.0
https://chenopod.net/talktown/feed.xml	en	55148.0
https://feeds.soundcloud.com/users/soundcloud:users:310678855/sounds.rss	en	9524.0
https://feeds.feedburner.com/kaykopit	en-US	28135.0
https://anchor.fm/s/272df650/podcast/rss	en	405971.0
https://www.trailwentcold.com/feed/podcast/	en-US	991359.0
https://anchor.fm/s/a9f26ee0/podcast/rss	en-us	17294.0
https://physiciannonclinicalcareers.libsyn.com/rss	en	616630.0
https://anchor.fm/s/52d0d48/podcast/rss	en-us	8795.0
https://anchor.fm/s/1beac638/podcast/rss	en	21792.0
https://anchor.fm/s/280bbcec/podcast/rss	en-us	5381.0
https://feeds.soundcloud.com/users/soundcloud:users:471135603/sounds.rss	en	10277.0
https://feeds.soundcloud.com/users/soundcloud:users:87595118/sounds.rss	en	678949.0
https://anchor.fm/s/90a67fd0/podcast/rss	en	63180.0
https://anchor.fm/s/13bdb790/podcast/rss	en	276200.0
https://feeds.feedburner.com/planetaryspirals/	en-US	22380.0
https://anchor.fm/s/e340130/podcast/rss	en	43655.0
https://feeds.soundcloud.com/users/soundcloud:users:157146181/sounds.rss	en	832993.0
https://donefor.libsyn.com/rss	en-us	23892.0
https://www.odogg.com/feed/podcast	en-US	71333.0
https://anchor.fm/s/475ddeb8/podcast/rss	en	97557.0
https://anchor.fm/s/4ca1c088/podcast/rss	en	58736.0
https://feeds.simplecast.com/ZrEOB2Zz	en-us	144605.0
https://anchor.fm/s/f129fd0/podcast/rss	en	65788.0
https://anchor.fm/s/22e00ffc/podcast/rss	en	6481.0
https://feeds.soundcloud.com/users/soundcloud:users:580153182/sounds.rss	en	9883.0
https://anchor.fm/s/2f33beac/podcast/rss	en	23024.0
https://pinecast.com/feed/theythem	en-US	135460.0
http://rss.castbox.fm/everest/8c66259d8c4e4b9bbac9a294a936c111.xml	en	108827.0
https://anchor.fm/s/505407cc/podcast/rss	en	15647.0
http://itsatrap.jellycast.com/podcast/feed/13	en-PI	63260.0
https://anchor.fm/s/7984753c/podcast/rss	en-gb	25121.0
https://feed.podbean.com/iseeitdifferently/feed.xml	en	168263.0
https://feeds.captivate.fm/the-surveyor-hub-podcast/	en	272906.0
https://anchor.fm/s/1b824f4/podcast/rss	en-us	134917.0
https://anchor.fm/s/394a2534/podcast/rss	en	34683.0
https://feeds.soundcloud.com/users/soundcloud:users:221494645/sounds.rss	en	10659.0
https://feeds.feedburner.com/ttmatter	en-us	128554.0
https://anchor.fm/s/1d947790/podcast/rss	en	17100.0
https://anchor.fm/s/1442c868/podcast/rss	en	6209.0
https://anchor.fm/s/185e6d8/podcast/rss	en-za	27837.0
https://anchor.fm/s/20b0cd48/podcast/rss	en	37350.0
https://feeds.soundcloud.com/users/soundcloud:users:173089403/sounds.rss	en	18841.0
http://www.kuow.org/feeds/podcasts/seattlenow/podcasts/rss.xml	en	66981.0
https://anchor.fm/s/4c07c8e8/podcast/rss	en	11773.0
https://feed.podbean.com/cedarbayougrace/feed.xml	en	23589.0
https://thegpshow.libsyn.com/rss	en	563778.0
https://feeds.fireside.fm/fifeed/rss	en-us	2327647.0
https://misfitentrepreneur.libsyn.com/rss	en	244956.0
https://anchor.fm/s/134f429c/podcast/rss	en	33069.0
https://anchor.fm/s/12230ea8/podcast/rss	en-us	44043.0
https://anchor.fm/s/6a6b5304/podcast/rss	en	122388.0
https://anchor.fm/s/462cd2ec/podcast/rss	en	5834.0
https://anchor.fm/s/6328ddc8/podcast/rss	en	110199.0
https://anchor.fm/s/45003134/podcast/rss	en-us	388812.0
http://feeds.subpop.fm/subpoppodcast	en-us	67364.0
https://anchor.fm/s/9d630144/podcast/rss	en	4538.0
http://feeds.feedburner.com/wordoflifepodcast	en	482248.0
https://feed.podbean.com/apostleshirleyevans/feed.xml	en	353474.0
https://anchor.fm/s/81574dc/podcast/rss	en	159031.0
https://anchor.fm/s/37171768/podcast/rss	en	152897.0
https://feed.podbean.com/thejaneway/feed.xml	en	11431.0
https://anchor.fm/s/c13c110/podcast/rss	en	37240.0
https://www.annunciation-ottawa.com/feed/sermon-podcast/	en-US	8390.0
https://www.stevehofstetter.com/saraandsteve/rssfeed.cfm	en-us	83984.0
https://anchor.fm/s/4ae5e3a0/podcast/rss	en	65399.0
https://amillionlittlestories.libsyn.com/rss	en	132507.0
https://www.podcastyoursermons.com/podcasts/world_file_1/rss_feed.xml	en-us	12684.0
https://anchor.fm/s/24e07440/podcast/rss	en	183013.0
https://feeds.soundcloud.com/users/soundcloud:users:450755280/sounds.rss	en	103572.0
https://geekdadlife.com/category/toy-geeks/feed/	en-US	45987.0
https://misfitsromance.libsyn.com/rss	en	190942.0
https://anchor.fm/s/1e577394/podcast/rss	en	49892.0
https://feeds.soundcloud.com/users/soundcloud:users:339530077/sounds.rss	en	808663.0
https://anchor.fm/s/34a75628/podcast/rss	en	9724.0
https://feed.podbean.com/translatingcriminallaw/feed.xml	en	47279.0
https://feeds.feedburner.com/BTSportsRadio	en-US	71906.0
https://thevoiceforlove.com/audio/podcasts/holidaygifts2008.xml	en-us	4105.0
https://anchor.fm/s/2e751678/podcast/rss	en	181028.0
https://feed.podbean.com/druidsincars/feed.xml	en	120362.0
https://anchor.fm/s/e59663c/podcast/rss	en	42077.0
https://anchor.fm/s/9926b08/podcast/rss	en	58736.0
https://zestyginger.libsyn.com/rss	en	687663.0
https://anchor.fm/s/36b8febc/podcast/rss	en	11801.0
https://anchor.fm/s/460fdbb0/podcast/rss	en	6119.0
https://feeds.soundcloud.com/users/soundcloud:users:190011243/sounds.rss	en	752509.0
https://wifininjas.libsyn.com/rss	en	271596.0
https://plantyourseed.libsyn.com/rss	en	263582.0
https://anchor.fm/s/2238904c/podcast/rss	en	11596.0
https://anchor.fm/s/80472194/podcast/rss	en-us	7930.0
https://anchor.fm/s/a7787920/podcast/rss	en-us	11932.0
https://feeds.captivate.fm/thedish/	en	193870.0
https://feeds.acast.com/public/shows/62b5dbfa9a5a480014bf745b	en	20133.0
https://anchor.fm/s/4ecaa7e4/podcast/rss	en	151638.0
https://feedpress.me/irltalk	en-US	206189.0
https://anchor.fm/s/1c7a7da0/podcast/rss	en	15199.0
https://rss.art19.com/the-upgrade-by-lifehacker	en	946490.0
https://levon-derkrikorian.squarespace.com/podcast?format=rss	en-US	398801.0
https://anchor.fm/s/3b3685a4/podcast/rss	en	37314.0
https://feeds.simplecast.com/Jlq7t_OZ	en	89484.0
https://podcastmachine.com/podcasts/8795/aac.rss	en	16305.0
https://feeds.soundcloud.com/users/soundcloud:users:507446613/sounds.rss	en	4986.0
https://anchor.fm/s/3dbe95f0/podcast/rss	en	19602.0
https://anchor.fm/s/41d09198/podcast/rss	en	5467.0
https://feeds.acast.com/public/shows/623d0ce649317c0012df519d	en	68929.0
https://anchor.fm/s/78c128c/podcast/rss	en	49340.0
https://anchor.fm/s/d079ba0/podcast/rss	en	9165.0
https://anchor.fm/s/1e648868/podcast/rss	en	6294.0
https://feeds.captivate.fm/sdr-leadership/	en	13710.0
https://feeds.soundcloud.com/users/soundcloud:users:153270418/sounds.rss	en	5156.0
https://anchor.fm/s/1f84abb0/podcast/rss	en	76465.0
https://anchor.fm/s/5c6f88d8/podcast/rss	en	32364.0
https://feeds.simplecast.com/rNXEUMcX	en	643090.0
http://media-podcast.open.ac.uk/feeds/dd307-social-psychology/desktop/rss2.xml	en	6311.0
https://radiomisfits.com/feed/tshbfiy/	en-US	48671.0
https://feeds.simplecast.com/_eWakNki	en	4828.0
https://anchor.fm/s/11bd9a64/podcast/rss	en-us	107450.0
https://anchor.fm/s/3a1c944c/podcast/rss	en	11525.0
https://anchor.fm/s/aa284fd8/podcast/rss	en-us	186530.0
https://feeds.castos.com/xw56v	en	331334.0
https://anchor.fm/s/47b3d818/podcast/rss	en	34058.0
https://southpark.libsyn.com/rss	en	104141.0
https://anchor.fm/s/5c559fa4/podcast/rss	en	7619.0
https://heyamarillo.libsyn.com/rss	en	831554.0
https://anchor.fm/s/915add4/podcast/rss	en	465511.0
http://www.sageinvestors.ca/stock-talk?format=rss	en-US	223363.0
https://anchor.fm/s/117ead04/podcast/rss	en	19144.0
https://themusicmakers.libsyn.com/rss	en-us	191115.0
https://anchor.fm/s/1ed3f310/podcast/rss	en	76028.0
http://talkotuesday.talkingishard.com/feed/podcast	en-US	147228.0
https://feeds.soundcloud.com/users/soundcloud:users:80112055/sounds.rss	en	5208.0
https://anchor.fm/s/bc769b4/podcast/rss	en	6198.0
https://feeds.soundcloud.com/users/soundcloud:users:188005097/sounds.rss	en	6609.0
https://anchor.fm/s/8e946338/podcast/rss	en-us	3965.0
https://anchor.fm/s/1f7cf640/podcast/rss	en	41359.0
https://anchor.fm/s/718df24/podcast/rss	en-us	7242.0
https://lowcarbconversations.libsyn.com/rss	en	1639937.0
https://anchor.fm/s/4ae1e3cc/podcast/rss	en	16672.0
https://anchor.fm/s/16887d98/podcast/rss	en	26427.0
https://anchor.fm/s/bdd94b4/podcast/rss	en	6989.0
https://anchor.fm/s/711fcf54/podcast/rss	en-gb	29316.0
https://www.angie-s.com/podcast?format=RSS	en	436139.0
https://maxoutmindset.libsyn.com/rss	en	261220.0
https://feed.podbean.com/onenationunderwhisky/feed.xml	en	1285164.0
https://anchor.fm/s/45ae098/podcast/rss	en	234540.0
https://anchor.fm/s/83901e28/podcast/rss	en-us	8059.0
https://anchor.fm/s/3aa274f4/podcast/rss	en	29470.0
https://anchor.fm/s/ce90780/podcast/rss	en	16148.0
https://anchor.fm/s/1639f3bc/podcast/rss	en	18330.0
https://spokenword.libsyn.com/rss	en	49914.0
https://www.apple.com/podcasts/meettheactor/meet_the_actor.xml	en-us	5645.0
https://anchor.fm/s/30ca9f38/podcast/rss	en	6929.0
https://www.qbsmith.com/category/podcasts/feed/	en-US	112871.0
https://vcbc.org/podcast/2b4a9c3f-f9df-44f4-9deb-2889c2182c76.xml	en	1029283.0